id,dependencyId,observedAt,status,latencyMs,errorRatePct,observation
38f91358-f650-5a2d-9955-29a1f757eec0,60000000-0000-4000-8000-000000000001,2026-09-19T13:30:00Z,HEALTHY,225,0.3,Authorization endpoint operating within baseline
0bbd1fa1-821e-5158-929c-9a160fc1ed3a,60000000-0000-4000-8000-000000000002,2026-09-19T13:30:00Z,HEALTHY,26,0.08,Database operating within normal range
c68484f2-0c27-5a27-9cda-fd18b25d9edc,60000000-0000-4000-8000-000000000001,2026-09-19T13:33:00Z,HEALTHY,225,0.3,Authorization endpoint operating within baseline
383c6897-713f-5529-bf86-8d02993d63c0,60000000-0000-4000-8000-000000000002,2026-09-19T13:33:00Z,HEALTHY,27,0.08,Database operating within normal range
e92c7937-3008-5e0e-9931-3ee395a7dec4,60000000-0000-4000-8000-000000000001,2026-09-19T13:36:00Z,HEALTHY,225,0.3,Authorization endpoint operating within baseline
1deb29b6-8300-575a-b2cd-b21a48303b44,60000000-0000-4000-8000-000000000002,2026-09-19T13:36:00Z,HEALTHY,28,0.08,Database operating within normal range
777bb34d-65db-5fc9-a2fe-1f24004edef5,60000000-0000-4000-8000-000000000001,2026-09-19T13:39:00Z,HEALTHY,225,0.3,Authorization endpoint operating within baseline
4776c49d-c9d5-51c0-b98a-cc40b7da9139,60000000-0000-4000-8000-000000000002,2026-09-19T13:39:00Z,HEALTHY,28,0.08,Database operating within normal range
cb08eb62-9002-59cb-8704-8f184361992d,60000000-0000-4000-8000-000000000001,2026-09-19T13:42:00Z,HEALTHY,225,0.3,Authorization endpoint operating within baseline
a9dec4aa-cfde-545e-bbdf-c72f0979ae10,60000000-0000-4000-8000-000000000002,2026-09-19T13:42:00Z,HEALTHY,28,0.08,Database operating within normal range
9304060f-17e3-5f78-9f61-3c62c454df73,60000000-0000-4000-8000-000000000001,2026-09-19T13:45:00Z,HEALTHY,225,0.3,Authorization endpoint operating within baseline
32247be8-9d75-5f16-9e66-76df8a854d37,60000000-0000-4000-8000-000000000002,2026-09-19T13:45:00Z,HEALTHY,26,0.08,Database operating within normal range
5f27dc2a-a501-54f6-b226-b920ed7c8ee5,60000000-0000-4000-8000-000000000001,2026-09-19T13:48:00Z,HEALTHY,225,0.3,Authorization endpoint operating within baseline
885e75d4-f17b-5e91-9279-4e991d41e894,60000000-0000-4000-8000-000000000002,2026-09-19T13:48:00Z,HEALTHY,25,0.08,Database operating within normal range
eb36f93b-e441-5853-99b0-afeec5541c44,60000000-0000-4000-8000-000000000001,2026-09-19T13:51:00Z,HEALTHY,225,0.3,Authorization endpoint operating within baseline
43c00ec8-8f87-5301-960c-9ce213c1e839,60000000-0000-4000-8000-000000000002,2026-09-19T13:51:00Z,HEALTHY,24,0.08,Database operating within normal range
45d32cfa-f3d3-5965-b99b-159e4b9e951b,60000000-0000-4000-8000-000000000001,2026-09-19T13:54:00Z,HEALTHY,225,0.3,Authorization endpoint operating within baseline
b85b93f9-f39f-5df8-be8f-ee48c2024197,60000000-0000-4000-8000-000000000002,2026-09-19T13:54:00Z,HEALTHY,24,0.08,Database operating within normal range
67a6ee26-fc13-5244-adff-b5c77ac5fae6,60000000-0000-4000-8000-000000000001,2026-09-19T13:57:00Z,HEALTHY,225,0.3,Authorization endpoint operating within baseline
1e65e54e-829e-585b-a923-5eeba119ea00,60000000-0000-4000-8000-000000000002,2026-09-19T13:57:00Z,HEALTHY,24,0.08,Database operating within normal range
d537b4f3-91f9-5720-b969-715bdc901617,60000000-0000-4000-8000-000000000001,2026-09-19T14:00:00Z,DEGRADED,4600,14.8,Authorization endpoint latency elevated and intermittent timeouts observed
328d396a-9388-5af6-bfaa-002b9be1cbf9,60000000-0000-4000-8000-000000000002,2026-09-19T14:00:00Z,HEALTHY,26,0.08,Database operating within normal range
f77b1172-f3c4-5732-9265-8704d17f0e27,60000000-0000-4000-8000-000000000001,2026-09-19T14:03:00Z,DEGRADED,4600,14.8,Authorization endpoint latency elevated and intermittent timeouts observed
a3099cd5-4148-58e9-b161-b53ba4eec012,60000000-0000-4000-8000-000000000002,2026-09-19T14:03:00Z,HEALTHY,26,0.08,Database operating within normal range
ad094de6-2ab5-5a1c-afa9-0a44c79f4289,60000000-0000-4000-8000-000000000001,2026-09-19T14:06:00Z,DEGRADED,4600,14.8,Authorization endpoint latency elevated and intermittent timeouts observed
9c252409-7b1a-5473-86ce-8948a6048370,60000000-0000-4000-8000-000000000002,2026-09-19T14:06:00Z,HEALTHY,28,0.08,Database operating within normal range
4732dac6-05b5-592e-adb1-ab8ed0b1b837,60000000-0000-4000-8000-000000000001,2026-09-19T14:09:00Z,DEGRADED,4600,14.8,Authorization endpoint latency elevated and intermittent timeouts observed
3e3293a9-e135-5ea3-b963-aa1be0eac468,60000000-0000-4000-8000-000000000002,2026-09-19T14:09:00Z,HEALTHY,28,0.08,Database operating within normal range
5c57d82f-0bfb-5b31-b894-566fb5491086,60000000-0000-4000-8000-000000000001,2026-09-19T14:12:00Z,DEGRADED,4600,14.8,Authorization endpoint latency elevated and intermittent timeouts observed
c4e5b58b-ecf0-51ff-a5aa-59ff701cf322,60000000-0000-4000-8000-000000000002,2026-09-19T14:12:00Z,HEALTHY,28,0.08,Database operating within normal range
14535ef0-2ebe-587b-a9ac-36fb5549c906,60000000-0000-4000-8000-000000000001,2026-09-19T14:15:00Z,DEGRADED,4600,14.8,Authorization endpoint latency elevated and intermittent timeouts observed
052122ed-6bbe-5927-baf0-37c389b67c2c,60000000-0000-4000-8000-000000000002,2026-09-19T14:15:00Z,HEALTHY,27,0.08,Database operating within normal range
b1680e5d-428d-580d-9cf4-6b8f639f49d6,60000000-0000-4000-8000-000000000001,2026-09-19T14:18:00Z,DEGRADED,4600,14.8,Authorization endpoint latency elevated and intermittent timeouts observed
2c3aad55-e3c9-5469-bc0c-c535877ac21d,60000000-0000-4000-8000-000000000002,2026-09-19T14:18:00Z,HEALTHY,26,0.08,Database operating within normal range
e543e5d9-537d-5729-90cc-53e74d023d65,60000000-0000-4000-8000-000000000001,2026-09-19T14:21:00Z,DEGRADED,4600,14.8,Authorization endpoint latency elevated and intermittent timeouts observed
291e729b-d60f-53c7-b3ca-8b55859991f4,60000000-0000-4000-8000-000000000002,2026-09-19T14:21:00Z,HEALTHY,24,0.08,Database operating within normal range
8ea1f1a3-ea40-5e30-9243-a11210d1d869,60000000-0000-4000-8000-000000000001,2026-09-19T14:24:00Z,DEGRADED,4600,14.8,Authorization endpoint latency elevated and intermittent timeouts observed
5faed1ed-8f77-528b-89c4-6ab93fd0c96e,60000000-0000-4000-8000-000000000002,2026-09-19T14:24:00Z,HEALTHY,24,0.08,Database operating within normal range
6870b9d8-cceb-51bc-a340-2bd88c945f29,60000000-0000-4000-8000-000000000001,2026-09-19T14:27:00Z,DEGRADED,4600,14.8,Authorization endpoint latency elevated and intermittent timeouts observed
8488cf88-b430-5702-9ac9-bf92f5f28360,60000000-0000-4000-8000-000000000002,2026-09-19T14:27:00Z,HEALTHY,24,0.08,Database operating within normal range
609fe422-d913-5594-b160-48861f9d4fbc,60000000-0000-4000-8000-000000000001,2026-09-19T14:30:00Z,DEGRADED,4600,14.8,Authorization endpoint latency elevated and intermittent timeouts observed
f29d28df-e83f-55f8-b258-47bc8d1ec390,60000000-0000-4000-8000-000000000002,2026-09-19T14:30:00Z,HEALTHY,25,0.08,Database operating within normal range
83ac2312-1702-5b9b-a952-0785fd7989cd,60000000-0000-4000-8000-000000000001,2026-09-19T14:33:00Z,DEGRADED,4600,14.8,Authorization endpoint latency elevated and intermittent timeouts observed
32371477-c1d2-50ed-82e1-47a66079af72,60000000-0000-4000-8000-000000000002,2026-09-19T14:33:00Z,HEALTHY,26,0.08,Database operating within normal range
1cf22008-b535-5fa8-8b48-b991957030ef,60000000-0000-4000-8000-000000000001,2026-09-19T14:36:00Z,HEALTHY,225,0.3,Authorization endpoint operating within baseline
cb2d066b-a3d7-5057-bd43-7b5a85afbbf9,60000000-0000-4000-8000-000000000002,2026-09-19T14:36:00Z,HEALTHY,27,0.08,Database operating within normal range
de49e4b1-3c1c-596f-91a1-8302190ced3c,60000000-0000-4000-8000-000000000001,2026-09-19T14:39:00Z,HEALTHY,225,0.3,Authorization endpoint operating within baseline
39a7d956-f3c6-5395-8605-4816b2992d52,60000000-0000-4000-8000-000000000002,2026-09-19T14:39:00Z,HEALTHY,28,0.08,Database operating within normal range
58b4f4c8-cfe5-5851-905c-f9f5bcc42723,60000000-0000-4000-8000-000000000001,2026-09-19T14:42:00Z,HEALTHY,225,0.3,Authorization endpoint operating within baseline
462d801e-b0f2-5fef-94d0-ffa6b2c58278,60000000-0000-4000-8000-000000000002,2026-09-19T14:42:00Z,HEALTHY,28,0.08,Database operating within normal range
af9ed0d4-e746-5280-af5a-f311aa0729ba,60000000-0000-4000-8000-000000000001,2026-09-19T14:45:00Z,HEALTHY,225,0.3,Authorization endpoint operating within baseline
bcc3dc03-0694-5562-9299-16c848e42d6f,60000000-0000-4000-8000-000000000002,2026-09-19T14:45:00Z,HEALTHY,27,0.08,Database operating within normal range
