id,serviceId,timestamp,level,logger,message,traceId,requestId,errorCode,durationMs,metadata
5f6150c6-fb21-5856-9e0b-8c4b2bc77d2d,30000000-0000-4000-8000-000000000002,2026-09-19T13:30:08Z,INFO,payment.authorization,authorization request completed,26b85b58-6fc6-5de8-82da-01c4e74374f6,req-104200,,182,"{""provider"": ""payflow"", ""environment"": ""production""}"
60a3b5b5-399a-5276-a736-77b8bb4acb99,30000000-0000-4000-8000-000000000002,2026-09-19T13:31:08Z,INFO,payment.authorization,authorization request completed,b15453ee-8d1a-583b-837b-92bd3a94eeed,req-104201,,199,"{""provider"": ""payflow"", ""environment"": ""production""}"
a8b68a15-1595-5380-936f-45418ebc3202,30000000-0000-4000-8000-000000000002,2026-09-19T13:32:08Z,DEBUG,payment.authorization,authorization request completed,308af3ea-8210-538e-9a89-9878a722aa75,req-104202,,199,"{""provider"": ""payflow"", ""environment"": ""production""}"
e44920c3-670a-58be-84f2-a6c177b5d0da,30000000-0000-4000-8000-000000000002,2026-09-19T13:33:08Z,INFO,payment.authorization,authorization request completed,e3637f77-cd0f-58ec-bf40-38b160f558ed,req-104203,,193,"{""provider"": ""payflow"", ""environment"": ""production""}"
063e7cd5-b8aa-564b-a1bf-6a2218aa9ec6,30000000-0000-4000-8000-000000000002,2026-09-19T13:34:08Z,INFO,payment.authorization,authorization request completed,b338c6de-758e-5d92-b557-10d66c3cda15,req-104204,,147,"{""provider"": ""payflow"", ""environment"": ""production""}"
c6d2882e-f1bc-5881-a63f-9b9ea62ad759,30000000-0000-4000-8000-000000000002,2026-09-19T13:35:08Z,INFO,payment.authorization,authorization request completed,c49a05ab-f98c-592e-874b-2f7113661242,req-104205,,144,"{""provider"": ""payflow"", ""environment"": ""production""}"
7c73b383-d52e-54a2-8bd9-8f1bc5be4b55,30000000-0000-4000-8000-000000000002,2026-09-19T13:36:08Z,INFO,payment.authorization,authorization request completed,b452f1db-953e-5d69-88a9-642809f123a7,req-104206,,149,"{""provider"": ""payflow"", ""environment"": ""production""}"
11b037b6-c09f-56d3-8ad7-74dcfd846639,30000000-0000-4000-8000-000000000002,2026-09-19T13:37:08Z,INFO,payment.authorization,authorization request completed,f84dcd59-7919-5874-b954-b96069a8015d,req-104207,,147,"{""provider"": ""payflow"", ""environment"": ""production""}"
2cf500b1-745b-5a3c-b4e2-075f88788cec,30000000-0000-4000-8000-000000000002,2026-09-19T13:38:08Z,INFO,payment.authorization,authorization request completed,c58544d9-dd41-5db6-b524-ce90ea7490a5,req-104208,,180,"{""provider"": ""payflow"", ""environment"": ""production""}"
df9bc5cc-c880-5c04-9679-9ce1705f9412,30000000-0000-4000-8000-000000000002,2026-09-19T13:39:08Z,INFO,payment.authorization,authorization request completed,0cec36bf-288a-5374-8098-f086270828c5,req-104209,,206,"{""provider"": ""payflow"", ""environment"": ""production""}"
2c90877f-7aa1-52bd-8ae4-cfe612a9441a,30000000-0000-4000-8000-000000000002,2026-09-19T13:40:08Z,INFO,payment.authorization,authorization request completed,f14ad3cb-d1a9-52de-bed4-e46d7192bf04,req-104210,,160,"{""provider"": ""payflow"", ""environment"": ""production""}"
bd801c1d-054f-5b88-a0d2-bcd3f04444ca,30000000-0000-4000-8000-000000000002,2026-09-19T13:41:08Z,INFO,payment.authorization,authorization request completed,07bb158f-6b9e-5b81-b3ae-e498d586c4f8,req-104211,,187,"{""provider"": ""payflow"", ""environment"": ""production""}"
d3304b87-b031-5c7d-b7c5-1aceffd3a119,30000000-0000-4000-8000-000000000002,2026-09-19T13:42:08Z,INFO,payment.authorization,authorization request completed,0a82ef38-8a07-5854-b73c-948f2457fd5b,req-104212,,168,"{""provider"": ""payflow"", ""environment"": ""production""}"
714842d9-0d23-51f7-a2cf-4f128f9f5d1d,30000000-0000-4000-8000-000000000002,2026-09-19T13:43:08Z,INFO,payment.authorization,authorization request completed,eab811cb-afc6-54b1-8a99-5dd90408bf72,req-104213,,202,"{""provider"": ""payflow"", ""environment"": ""production""}"
ebef4026-22c2-5723-866f-8873c48f0844,30000000-0000-4000-8000-000000000002,2026-09-19T13:43:03Z,INFO,application.lifecycle,payment-api instance running version v2.18.0,,,,,"{""version"": ""v2.18.0""}"
64714c5c-dd2a-5d02-9808-53a77f24141f,30000000-0000-4000-8000-000000000002,2026-09-19T13:44:08Z,INFO,payment.authorization,authorization request completed,8162a8f1-58da-5d63-9053-2723a5cb8d57,req-104214,,159,"{""provider"": ""payflow"", ""environment"": ""production""}"
a5f27a63-d9c9-5b2f-967d-18264b7acc9d,30000000-0000-4000-8000-000000000002,2026-09-19T13:44:03Z,INFO,application.lifecycle,payment-api instance running version v2.18.0,,,,,"{""version"": ""v2.18.0""}"
cbd27e2a-f80f-52bb-8ff3-bcb73b932780,30000000-0000-4000-8000-000000000002,2026-09-19T13:45:08Z,INFO,payment.authorization,authorization request completed,2d21211f-d288-5690-b625-0e68a8ddeeaa,req-104215,,169,"{""provider"": ""payflow"", ""environment"": ""production""}"
85aaf0a3-51cd-51e6-a48f-5a5f9b75a6a0,30000000-0000-4000-8000-000000000002,2026-09-19T13:45:03Z,INFO,application.lifecycle,payment-api instance running version v2.18.0,,,,,"{""version"": ""v2.18.0""}"
91085bab-91bd-5781-8f1c-7ac8621f268b,30000000-0000-4000-8000-000000000002,2026-09-19T13:46:08Z,INFO,payment.authorization,authorization request completed,9bdbfcb1-2fa9-58c9-b3f8-f25e68ae01f2,req-104216,,232,"{""provider"": ""payflow"", ""environment"": ""production""}"
cfee9bb7-bdaa-5018-9fe4-6cf0a892e6a1,30000000-0000-4000-8000-000000000002,2026-09-19T13:47:08Z,INFO,payment.authorization,authorization request completed,9a425550-38ec-5b69-8ae2-6d1edc00aa81,req-104217,,185,"{""provider"": ""payflow"", ""environment"": ""production""}"
fbeb0345-2f82-5984-afac-2e25e3055f06,30000000-0000-4000-8000-000000000002,2026-09-19T13:48:08Z,INFO,payment.authorization,authorization request completed,f05293eb-bb66-5755-9692-55c692968374,req-104218,,196,"{""provider"": ""payflow"", ""environment"": ""production""}"
278504bd-cbf8-590d-b9f3-85f7f29550cf,30000000-0000-4000-8000-000000000002,2026-09-19T13:49:08Z,DEBUG,payment.authorization,authorization request completed,9b5d7f3b-3e18-5685-bcf0-9c2e97f85a8e,req-104219,,143,"{""provider"": ""payflow"", ""environment"": ""production""}"
6f19bd0f-f101-55ff-a494-d695b2442838,30000000-0000-4000-8000-000000000002,2026-09-19T13:50:08Z,DEBUG,payment.authorization,authorization request completed,ba60ca3c-922f-58ef-a5e8-b250630cfeda,req-104220,,173,"{""provider"": ""payflow"", ""environment"": ""production""}"
8d23d39f-7a03-5d28-a5d4-2bb7e1bc322f,30000000-0000-4000-8000-000000000002,2026-09-19T13:51:08Z,INFO,payment.authorization,authorization request completed,d59448a6-b9bf-58fd-a1de-e5df0af3f433,req-104221,,152,"{""provider"": ""payflow"", ""environment"": ""production""}"
515e428d-9537-5ae8-8873-04501d5f2146,30000000-0000-4000-8000-000000000002,2026-09-19T13:52:08Z,DEBUG,payment.authorization,authorization request completed,e1490d00-7c30-5c9f-ac48-367f114d897c,req-104222,,152,"{""provider"": ""payflow"", ""environment"": ""production""}"
238a8afd-d5f1-5746-98bf-e1daac1f7906,30000000-0000-4000-8000-000000000002,2026-09-19T13:53:08Z,DEBUG,payment.authorization,authorization request completed,a355afe5-1009-5ed1-bc90-4353eddd2cd1,req-104223,,203,"{""provider"": ""payflow"", ""environment"": ""production""}"
72279118-8e30-5760-a8c3-c8bd897ab834,30000000-0000-4000-8000-000000000002,2026-09-19T13:54:08Z,INFO,payment.authorization,authorization request completed,e7475338-1532-55ad-91f3-4fb4c3ddd779,req-104224,,157,"{""provider"": ""payflow"", ""environment"": ""production""}"
37a98d07-8a45-514d-8641-07d09e163c78,30000000-0000-4000-8000-000000000002,2026-09-19T13:55:08Z,INFO,payment.authorization,authorization request completed,916ee5fb-d334-5e25-a2cf-e1ca8add106a,req-104225,,230,"{""provider"": ""payflow"", ""environment"": ""production""}"
5ec853bb-a42a-536b-92a3-2674c21c9026,30000000-0000-4000-8000-000000000002,2026-09-19T13:56:08Z,INFO,payment.authorization,authorization request completed,e0a725f5-2041-5ba1-9820-f472b08e376c,req-104226,,202,"{""provider"": ""payflow"", ""environment"": ""production""}"
3bde2a72-9b0b-5334-a7cb-7d260560e63b,30000000-0000-4000-8000-000000000002,2026-09-19T13:57:08Z,INFO,payment.authorization,authorization request completed,bdd25db9-1658-5e5a-9a62-f655c7d025a3,req-104227,,171,"{""provider"": ""payflow"", ""environment"": ""production""}"
3ec256a3-b08f-5d13-a212-114131a2bbef,30000000-0000-4000-8000-000000000002,2026-09-19T13:58:08Z,INFO,payment.authorization,authorization request completed,48483547-329a-587b-8dcd-f7f3874cf310,req-104228,,159,"{""provider"": ""payflow"", ""environment"": ""production""}"
2c24f966-fdc8-52a3-a4ac-ffc68d230e3a,30000000-0000-4000-8000-000000000002,2026-09-19T13:58:20Z,ERROR,payment.provider,upstream authorization request exceeded configured timeout,4eb05029-13bf-5cf4-ab79-e8aa05331e4e,req-204480,UPSTREAM_TIMEOUT,5000,"{""provider"": ""payflow"", ""operation"": ""authorize"", ""timeoutMs"": 5000}"
89057a52-ca50-5f36-be46-a40bc90587a4,30000000-0000-4000-8000-000000000002,2026-09-19T13:59:08Z,INFO,payment.authorization,authorization request completed,063fee88-cdcd-53bb-a7b7-db220b504f9f,req-104229,,166,"{""provider"": ""payflow"", ""environment"": ""production""}"
cfc7253f-8e6b-557c-921e-36c74ee5d56b,30000000-0000-4000-8000-000000000002,2026-09-19T13:59:20Z,ERROR,payment.provider,upstream authorization request exceeded configured timeout,4d200f89-d8ca-5de5-a4e9-1fbc26568c74,req-204490,UPSTREAM_TIMEOUT,5000,"{""provider"": ""payflow"", ""operation"": ""authorize"", ""timeoutMs"": 5000}"
e2617196-7a78-55a4-b770-e37e35b410ba,30000000-0000-4000-8000-000000000002,2026-09-19T14:00:08Z,INFO,payment.authorization,authorization request completed,8c978562-a0da-5379-bad8-202b9a7a2166,req-104230,,163,"{""provider"": ""payflow"", ""environment"": ""production""}"
07a0154a-1e74-5df6-b842-f406420faa33,30000000-0000-4000-8000-000000000002,2026-09-19T14:00:20Z,ERROR,payment.provider,upstream authorization request exceeded configured timeout,16b6cb09-d76d-5354-bc08-2acc50b48322,req-204500,UPSTREAM_TIMEOUT,5000,"{""provider"": ""payflow"", ""operation"": ""authorize"", ""timeoutMs"": 5000}"
dabfed9f-7a7e-566a-ac87-bd58a31ab6be,30000000-0000-4000-8000-000000000002,2026-09-19T14:01:08Z,INFO,payment.authorization,authorization request completed,c7a5ddfa-c56b-5eb5-9c28-902e1e17af06,req-104231,,143,"{""provider"": ""payflow"", ""environment"": ""production""}"
d72ffbd4-9270-5ee5-b68a-719d0e86b708,30000000-0000-4000-8000-000000000002,2026-09-19T14:01:20Z,ERROR,payment.provider,upstream authorization request exceeded configured timeout,8ec7eddc-ed5c-514a-bd1f-185b96b2ae58,req-204510,UPSTREAM_TIMEOUT,5000,"{""provider"": ""payflow"", ""operation"": ""authorize"", ""timeoutMs"": 5000}"
0f27810a-8456-5122-98e3-8591212b1e00,30000000-0000-4000-8000-000000000002,2026-09-19T14:02:08Z,INFO,payment.authorization,authorization request completed,9d00cdf8-52c5-52d5-88c7-8bfede056d28,req-104232,,238,"{""provider"": ""payflow"", ""environment"": ""production""}"
d6b6f55e-0fe3-5a61-a776-338e405ca929,30000000-0000-4000-8000-000000000002,2026-09-19T14:02:20Z,ERROR,payment.provider,upstream authorization request exceeded configured timeout,7afedad4-3d79-5682-b1f6-aacce72fe5c2,req-204520,UPSTREAM_TIMEOUT,5000,"{""provider"": ""payflow"", ""operation"": ""authorize"", ""timeoutMs"": 5000}"
cd447869-79bb-518b-8016-0b994e63f0c1,30000000-0000-4000-8000-000000000002,2026-09-19T14:02:37Z,ERROR,payment.provider,upstream authorization request exceeded configured timeout,a7fa12de-eacf-522d-90ac-9afcc8546ce0,req-204521,UPSTREAM_TIMEOUT,5000,"{""provider"": ""payflow"", ""operation"": ""authorize"", ""timeoutMs"": 5000}"
c35f0928-9695-5f0f-bdff-8336cd1a58ed,30000000-0000-4000-8000-000000000002,2026-09-19T14:03:08Z,DEBUG,payment.authorization,authorization request completed,07708f9f-92bc-5a65-a7a0-e55e844020de,req-104233,,149,"{""provider"": ""payflow"", ""environment"": ""production""}"
6473094a-4480-5ef9-91e3-cb857ab3000c,30000000-0000-4000-8000-000000000002,2026-09-19T14:03:20Z,ERROR,payment.provider,upstream authorization request exceeded configured timeout,f6cabb6a-543e-5ba0-9f73-225eb0a69f11,req-204530,UPSTREAM_TIMEOUT,5000,"{""provider"": ""payflow"", ""operation"": ""authorize"", ""timeoutMs"": 5000}"
b82cbf64-57c7-5862-ab87-c6ee776e39db,30000000-0000-4000-8000-000000000002,2026-09-19T14:03:37Z,ERROR,payment.provider,upstream authorization request exceeded configured timeout,1250d7e1-2193-5716-a3c5-a19829340262,req-204531,UPSTREAM_TIMEOUT,5000,"{""provider"": ""payflow"", ""operation"": ""authorize"", ""timeoutMs"": 5000}"
12b979ad-caaf-55b5-86c5-c318e614c101,30000000-0000-4000-8000-000000000002,2026-09-19T14:04:08Z,INFO,payment.authorization,authorization request completed,20c324da-d37a-59bc-bfa8-1c91ab31fdcb,req-104234,,195,"{""provider"": ""payflow"", ""environment"": ""production""}"
30e14d97-73e2-5db9-af49-edca5bc1191b,30000000-0000-4000-8000-000000000002,2026-09-19T14:04:20Z,ERROR,payment.provider,upstream authorization request exceeded configured timeout,8352c353-a0a6-55d4-9c04-2af1816326cb,req-204540,UPSTREAM_TIMEOUT,5000,"{""provider"": ""payflow"", ""operation"": ""authorize"", ""timeoutMs"": 5000}"
1ce3256b-22e6-5d44-83d8-6eecc9e837a3,30000000-0000-4000-8000-000000000002,2026-09-19T14:04:37Z,ERROR,payment.provider,upstream authorization request exceeded configured timeout,8d39bc3f-ec64-5454-8207-d960c001e51c,req-204541,UPSTREAM_TIMEOUT,5000,"{""provider"": ""payflow"", ""operation"": ""authorize"", ""timeoutMs"": 5000}"
2c359a76-6753-5e0c-8357-70303602d808,30000000-0000-4000-8000-000000000002,2026-09-19T14:05:08Z,INFO,payment.authorization,authorization request completed,5b7f589b-cc16-5dce-8e2c-717859954895,req-104235,,173,"{""provider"": ""payflow"", ""environment"": ""production""}"
274e2a43-f6b8-5777-a2a8-5bab2b68259e,30000000-0000-4000-8000-000000000002,2026-09-19T14:05:20Z,ERROR,payment.provider,upstream authorization request exceeded configured timeout,13c1812e-8e1b-53d7-9d3b-d378cd3764d4,req-204550,UPSTREAM_TIMEOUT,5000,"{""provider"": ""payflow"", ""operation"": ""authorize"", ""timeoutMs"": 5000}"
41b6e466-85f1-5590-8a7e-d4b83a7e4f50,30000000-0000-4000-8000-000000000002,2026-09-19T14:05:37Z,ERROR,payment.provider,upstream authorization request exceeded configured timeout,d0b50251-28dd-5949-88a8-82fba4c4dfef,req-204551,UPSTREAM_TIMEOUT,5000,"{""provider"": ""payflow"", ""operation"": ""authorize"", ""timeoutMs"": 5000}"
006e5c79-1b62-5206-b928-fd75b0c25e79,30000000-0000-4000-8000-000000000002,2026-09-19T14:05:41Z,WARN,database.pool,database connection acquisition slower than recent median,,req-304235,,74,"{""pool"": ""payments-primary"", ""activeConnections"": 57}"
98649fc3-3f39-5a3f-893c-efa32f98f0f2,30000000-0000-4000-8000-000000000002,2026-09-19T14:06:08Z,INFO,payment.authorization,authorization request completed,aeea4371-b95c-5726-b85c-34cec49f10a8,req-104236,,212,"{""provider"": ""payflow"", ""environment"": ""production""}"
1d144dff-f62e-5b71-b7c9-4960d7816afa,30000000-0000-4000-8000-000000000002,2026-09-19T14:06:20Z,ERROR,payment.provider,upstream authorization request exceeded configured timeout,2afd6daa-0ea8-5866-b15c-8cf0dfc54c30,req-204560,UPSTREAM_TIMEOUT,5000,"{""provider"": ""payflow"", ""operation"": ""authorize"", ""timeoutMs"": 5000}"
bc2ad624-6b74-5ef2-9817-1e6b3ed8b24d,30000000-0000-4000-8000-000000000002,2026-09-19T14:06:37Z,ERROR,payment.provider,upstream authorization request exceeded configured timeout,727ed696-4d14-5027-8136-cb2ebef33398,req-204561,UPSTREAM_TIMEOUT,5000,"{""provider"": ""payflow"", ""operation"": ""authorize"", ""timeoutMs"": 5000}"
6c4fd3ba-972a-54e1-9f0e-e5c88ba7ce92,30000000-0000-4000-8000-000000000002,2026-09-19T14:07:08Z,INFO,payment.authorization,authorization request completed,ef228098-af8c-59e0-b560-c768c35fcb9b,req-104237,,188,"{""provider"": ""payflow"", ""environment"": ""production""}"
66d4d540-acb1-509f-a523-549f0a5b50dc,30000000-0000-4000-8000-000000000002,2026-09-19T14:07:20Z,ERROR,payment.provider,upstream authorization request exceeded configured timeout,95c2fa45-70cd-5814-a5cc-4645d5f69e44,req-204570,UPSTREAM_TIMEOUT,5000,"{""provider"": ""payflow"", ""operation"": ""authorize"", ""timeoutMs"": 5000}"
936012fe-a3c7-5a1b-963b-0dc65686c273,30000000-0000-4000-8000-000000000002,2026-09-19T14:07:37Z,ERROR,payment.provider,upstream authorization request exceeded configured timeout,64c11a1f-4926-52ec-b173-bcc2489cf9ab,req-204571,UPSTREAM_TIMEOUT,5000,"{""provider"": ""payflow"", ""operation"": ""authorize"", ""timeoutMs"": 5000}"
c26ef432-6a5d-501f-acfb-eba0d006fd30,30000000-0000-4000-8000-000000000002,2026-09-19T14:08:08Z,DEBUG,payment.authorization,authorization request completed,882cc433-1ee0-51ba-8a47-74363e8c3e0f,req-104238,,216,"{""provider"": ""payflow"", ""environment"": ""production""}"
7d2fa61f-cda9-53bf-b41c-3a091fec4bb7,30000000-0000-4000-8000-000000000002,2026-09-19T14:08:20Z,ERROR,payment.provider,upstream authorization request exceeded configured timeout,1545f342-a73d-5541-9ade-ccc6f79a7aaa,req-204580,UPSTREAM_TIMEOUT,5000,"{""provider"": ""payflow"", ""operation"": ""authorize"", ""timeoutMs"": 5000}"
e78bf25e-e3e7-58bf-9ad6-fd07343cab8d,30000000-0000-4000-8000-000000000002,2026-09-19T14:08:37Z,ERROR,payment.provider,upstream authorization request exceeded configured timeout,c56c6411-1021-5f04-adf9-266e42efcc90,req-204581,UPSTREAM_TIMEOUT,5000,"{""provider"": ""payflow"", ""operation"": ""authorize"", ""timeoutMs"": 5000}"
1454ad92-f56c-5614-a61e-27114f80c427,30000000-0000-4000-8000-000000000002,2026-09-19T14:09:08Z,DEBUG,payment.authorization,authorization request completed,252a2a54-d791-5607-99ca-4bc84f70d6a2,req-104239,,187,"{""provider"": ""payflow"", ""environment"": ""production""}"
813dfd05-9c9d-5f8f-ae08-32e157ebe2d9,30000000-0000-4000-8000-000000000002,2026-09-19T14:09:20Z,ERROR,payment.provider,upstream authorization request exceeded configured timeout,18db3d88-fa41-57a0-8827-becf2a44ccd0,req-204590,UPSTREAM_TIMEOUT,5000,"{""provider"": ""payflow"", ""operation"": ""authorize"", ""timeoutMs"": 5000}"
7bcc3a6e-d20d-53e8-8763-1989f9fb5351,30000000-0000-4000-8000-000000000002,2026-09-19T14:09:37Z,ERROR,payment.provider,upstream authorization request exceeded configured timeout,49d0daf8-3229-5ef9-9a3f-f3b61b888b40,req-204591,UPSTREAM_TIMEOUT,5000,"{""provider"": ""payflow"", ""operation"": ""authorize"", ""timeoutMs"": 5000}"
2db883fd-894a-5e3c-b395-497170f01fce,30000000-0000-4000-8000-000000000002,2026-09-19T14:10:08Z,INFO,payment.authorization,authorization request completed,035d472e-cb4a-54dc-9a30-262323b3fe4e,req-104240,,177,"{""provider"": ""payflow"", ""environment"": ""production""}"
fa3df244-39d9-5fdb-95f5-2ed42cce57bd,30000000-0000-4000-8000-000000000002,2026-09-19T14:10:20Z,ERROR,payment.provider,upstream authorization request exceeded configured timeout,f160fd8b-31e5-5992-be0a-16bcce91670d,req-204600,UPSTREAM_TIMEOUT,5000,"{""provider"": ""payflow"", ""operation"": ""authorize"", ""timeoutMs"": 5000}"
fd96903c-0159-5221-9422-cf34f1e668c2,30000000-0000-4000-8000-000000000002,2026-09-19T14:10:37Z,ERROR,payment.provider,upstream authorization request exceeded configured timeout,8edc9935-1671-5abb-a3f1-c50be2a8b0f0,req-204601,UPSTREAM_TIMEOUT,5000,"{""provider"": ""payflow"", ""operation"": ""authorize"", ""timeoutMs"": 5000}"
9b1f0ec6-7640-5d82-9a77-a1194c837ec8,30000000-0000-4000-8000-000000000002,2026-09-19T14:11:08Z,INFO,payment.authorization,authorization request completed,47abb126-2801-54cd-9125-7059e339c34d,req-104241,,207,"{""provider"": ""payflow"", ""environment"": ""production""}"
79b17920-a8fb-5760-8218-d9d196436ffd,30000000-0000-4000-8000-000000000002,2026-09-19T14:11:20Z,ERROR,payment.provider,upstream authorization request exceeded configured timeout,ca22461d-f583-511c-8bf8-f20c5f40565b,req-204610,UPSTREAM_TIMEOUT,5000,"{""provider"": ""payflow"", ""operation"": ""authorize"", ""timeoutMs"": 5000}"
b71bba3c-0a9b-57d9-b17e-9f44ff6244a5,30000000-0000-4000-8000-000000000002,2026-09-19T14:11:37Z,ERROR,payment.provider,upstream authorization request exceeded configured timeout,d4425919-d42b-5a9a-be38-cd09ea81510a,req-204611,UPSTREAM_TIMEOUT,5000,"{""provider"": ""payflow"", ""operation"": ""authorize"", ""timeoutMs"": 5000}"
4fe2d082-66b1-5295-8f2c-2e04a820a8d8,30000000-0000-4000-8000-000000000002,2026-09-19T14:12:08Z,DEBUG,payment.authorization,authorization request completed,d770d106-2753-5212-ac3d-0d676201e8fa,req-104242,,182,"{""provider"": ""payflow"", ""environment"": ""production""}"
45ea3bc8-999d-520d-a38c-5b29efd1f029,30000000-0000-4000-8000-000000000002,2026-09-19T14:12:20Z,ERROR,payment.provider,upstream authorization request exceeded configured timeout,4f6e69fa-04bd-52cf-bf51-2a68a99cf91e,req-204620,UPSTREAM_TIMEOUT,5000,"{""provider"": ""payflow"", ""operation"": ""authorize"", ""timeoutMs"": 5000}"
830ff2ef-0d07-532f-a6cb-043c4a3b32f2,30000000-0000-4000-8000-000000000002,2026-09-19T14:12:37Z,ERROR,payment.provider,upstream authorization request exceeded configured timeout,453ba50a-db94-59e3-b4a1-c760bf46b651,req-204621,UPSTREAM_TIMEOUT,5000,"{""provider"": ""payflow"", ""operation"": ""authorize"", ""timeoutMs"": 5000}"
7ffb4f76-854b-54b6-965d-8605ce4de5dd,30000000-0000-4000-8000-000000000002,2026-09-19T14:13:08Z,INFO,payment.authorization,authorization request completed,bc3dd7c3-32d3-555f-b912-c65470f700f1,req-104243,,218,"{""provider"": ""payflow"", ""environment"": ""production""}"
ae579d36-6c20-5519-8edb-d24ce8687254,30000000-0000-4000-8000-000000000002,2026-09-19T14:13:20Z,ERROR,payment.provider,upstream authorization request exceeded configured timeout,f30c9294-5acf-522a-9ed4-afd5a7b682a3,req-204630,UPSTREAM_TIMEOUT,5000,"{""provider"": ""payflow"", ""operation"": ""authorize"", ""timeoutMs"": 5000}"
5c151c26-1852-546b-bad5-e6f0d77bc5e4,30000000-0000-4000-8000-000000000002,2026-09-19T14:13:37Z,ERROR,payment.provider,upstream authorization request exceeded configured timeout,41ce9b61-57ff-5007-b824-f41cbc1043e2,req-204631,UPSTREAM_TIMEOUT,5000,"{""provider"": ""payflow"", ""operation"": ""authorize"", ""timeoutMs"": 5000}"
0ba18e8b-aa3f-5722-b7a9-7c9d10e01784,30000000-0000-4000-8000-000000000002,2026-09-19T14:14:08Z,INFO,payment.authorization,authorization request completed,3831d695-fe64-549f-9b56-b5d4590081d1,req-104244,,145,"{""provider"": ""payflow"", ""environment"": ""production""}"
0bdcee78-ab01-548c-a2da-3b0306c0aef2,30000000-0000-4000-8000-000000000002,2026-09-19T14:14:20Z,ERROR,payment.provider,upstream authorization request exceeded configured timeout,623207b9-dacc-5713-b6c9-6890ae3088bd,req-204640,UPSTREAM_TIMEOUT,5000,"{""provider"": ""payflow"", ""operation"": ""authorize"", ""timeoutMs"": 5000}"
96ed0b90-4302-565c-907c-5545e9d4edd6,30000000-0000-4000-8000-000000000002,2026-09-19T14:14:37Z,ERROR,payment.provider,upstream authorization request exceeded configured timeout,6bfc7dda-94ff-5475-9924-d771f0badc29,req-204641,UPSTREAM_TIMEOUT,5000,"{""provider"": ""payflow"", ""operation"": ""authorize"", ""timeoutMs"": 5000}"
51c0f629-769c-50b2-abff-027caac4788d,30000000-0000-4000-8000-000000000002,2026-09-19T14:14:41Z,WARN,database.pool,database connection acquisition slower than recent median,,req-304244,,71,"{""pool"": ""payments-primary"", ""activeConnections"": 57}"
bbb436a3-3fa1-5710-b1f2-1b21e287ad83,30000000-0000-4000-8000-000000000002,2026-09-19T14:15:08Z,DEBUG,payment.authorization,authorization request completed,17313cfc-62f1-5b79-8a20-20ca1b8826f5,req-104245,,228,"{""provider"": ""payflow"", ""environment"": ""production""}"
af6cc10c-07de-53f0-914e-0e54f2a80ba9,30000000-0000-4000-8000-000000000002,2026-09-19T14:15:20Z,ERROR,payment.provider,upstream authorization request exceeded configured timeout,1420c702-0b43-5994-ac7c-6245566f9c3b,req-204650,UPSTREAM_TIMEOUT,5000,"{""provider"": ""payflow"", ""operation"": ""authorize"", ""timeoutMs"": 5000}"
48e282d6-e6c3-5670-a2cb-9fbdab7a8778,30000000-0000-4000-8000-000000000002,2026-09-19T14:15:37Z,ERROR,payment.provider,upstream authorization request exceeded configured timeout,2b86ea88-7569-5081-8621-be8fc226da0d,req-204651,UPSTREAM_TIMEOUT,5000,"{""provider"": ""payflow"", ""operation"": ""authorize"", ""timeoutMs"": 5000}"
01293a15-27d3-55f6-966f-9fe3c3ea4584,30000000-0000-4000-8000-000000000002,2026-09-19T14:16:08Z,INFO,payment.authorization,authorization request completed,9ea3d3ac-f05c-5022-bc46-7d197f409703,req-104246,,146,"{""provider"": ""payflow"", ""environment"": ""production""}"
ba2cb379-e636-5169-bb68-ce9b99844f0c,30000000-0000-4000-8000-000000000002,2026-09-19T14:16:20Z,ERROR,payment.provider,upstream authorization request exceeded configured timeout,5fd88cff-49ca-5ef2-ad7e-9a46b9173ec2,req-204660,UPSTREAM_TIMEOUT,5000,"{""provider"": ""payflow"", ""operation"": ""authorize"", ""timeoutMs"": 5000}"
a4ab0a59-7d9a-5cf0-94ad-137c8174914a,30000000-0000-4000-8000-000000000002,2026-09-19T14:16:37Z,ERROR,payment.provider,upstream authorization request exceeded configured timeout,64b002b1-2f59-5298-a6fa-7525162058d0,req-204661,UPSTREAM_TIMEOUT,5000,"{""provider"": ""payflow"", ""operation"": ""authorize"", ""timeoutMs"": 5000}"
cf8f2213-20e3-51ac-8ac5-f8d73bc47fea,30000000-0000-4000-8000-000000000002,2026-09-19T14:17:08Z,INFO,payment.authorization,authorization request completed,5658e7f8-986b-52cc-98ae-d53586e6b498,req-104247,,143,"{""provider"": ""payflow"", ""environment"": ""production""}"
01772d12-7998-5aeb-8b39-d6f63ea6d96f,30000000-0000-4000-8000-000000000002,2026-09-19T14:17:20Z,ERROR,payment.provider,upstream authorization request exceeded configured timeout,a24e0417-5ddf-5421-be18-7503c3ecdbbc,req-204670,UPSTREAM_TIMEOUT,5000,"{""provider"": ""payflow"", ""operation"": ""authorize"", ""timeoutMs"": 5000}"
fcd163ec-b6af-5618-a7ed-fc35f106e37a,30000000-0000-4000-8000-000000000002,2026-09-19T14:17:37Z,ERROR,payment.provider,upstream authorization request exceeded configured timeout,418ed41f-8f02-5bac-a32f-3af6acb60113,req-204671,UPSTREAM_TIMEOUT,5000,"{""provider"": ""payflow"", ""operation"": ""authorize"", ""timeoutMs"": 5000}"
361d235d-5750-5ab6-9d82-a0406df62c38,30000000-0000-4000-8000-000000000002,2026-09-19T14:18:08Z,INFO,payment.authorization,authorization request completed,69f49858-39d1-5276-a946-c98080cd33b4,req-104248,,169,"{""provider"": ""payflow"", ""environment"": ""production""}"
e6371746-6774-54eb-a87b-4f224f81ba8c,30000000-0000-4000-8000-000000000002,2026-09-19T14:18:20Z,ERROR,payment.provider,upstream authorization request exceeded configured timeout,674934dd-87b1-51a4-a3ca-189ab16b3428,req-204680,UPSTREAM_TIMEOUT,5000,"{""provider"": ""payflow"", ""operation"": ""authorize"", ""timeoutMs"": 5000}"
9b0372e0-8273-5376-b642-aae3d624c848,30000000-0000-4000-8000-000000000002,2026-09-19T14:18:37Z,ERROR,payment.provider,upstream authorization request exceeded configured timeout,43ccf8b6-f484-584f-b95b-25bb59139fbe,req-204681,UPSTREAM_TIMEOUT,5000,"{""provider"": ""payflow"", ""operation"": ""authorize"", ""timeoutMs"": 5000}"
df49bcf7-bcb9-5234-8291-c24f0bf9173b,30000000-0000-4000-8000-000000000002,2026-09-19T14:19:08Z,INFO,payment.authorization,authorization request completed,8c0c51bd-ce45-525f-b48f-c2c03065d4c1,req-104249,,187,"{""provider"": ""payflow"", ""environment"": ""production""}"
70b90edf-96ba-545d-9701-aa80a47ee486,30000000-0000-4000-8000-000000000002,2026-09-19T14:19:20Z,ERROR,payment.provider,upstream authorization request exceeded configured timeout,9f6927d1-0ef3-58d7-b26d-edb28d144399,req-204690,UPSTREAM_TIMEOUT,5000,"{""provider"": ""payflow"", ""operation"": ""authorize"", ""timeoutMs"": 5000}"
644fe153-5d34-5ce0-83ea-ad5d20e7d940,30000000-0000-4000-8000-000000000002,2026-09-19T14:19:37Z,ERROR,payment.provider,upstream authorization request exceeded configured timeout,57a4c3dc-e732-532c-8400-b4aa04f1532e,req-204691,UPSTREAM_TIMEOUT,5000,"{""provider"": ""payflow"", ""operation"": ""authorize"", ""timeoutMs"": 5000}"
57ddc08a-22fc-5a20-b130-c7901dd790c2,30000000-0000-4000-8000-000000000002,2026-09-19T14:20:08Z,INFO,payment.authorization,authorization request completed,20a79e11-5d0d-58f5-a2dd-f374941534d3,req-104250,,232,"{""provider"": ""payflow"", ""environment"": ""production""}"
3504c37e-5a6c-5046-b906-6f23aab9859d,30000000-0000-4000-8000-000000000002,2026-09-19T14:20:20Z,ERROR,payment.provider,upstream authorization request exceeded configured timeout,8edd21d3-38ae-55f4-87cd-3973b4536901,req-204700,UPSTREAM_TIMEOUT,5000,"{""provider"": ""payflow"", ""operation"": ""authorize"", ""timeoutMs"": 5000}"
15b69379-fee1-5183-b8bb-42ba111a0f95,30000000-0000-4000-8000-000000000002,2026-09-19T14:20:37Z,ERROR,payment.provider,upstream authorization request exceeded configured timeout,2363954a-4940-53ef-ab3d-5b8fc73f6a5d,req-204701,UPSTREAM_TIMEOUT,5000,"{""provider"": ""payflow"", ""operation"": ""authorize"", ""timeoutMs"": 5000}"
3994ba83-717b-5e8f-b48c-9f71b56dd18b,30000000-0000-4000-8000-000000000002,2026-09-19T14:21:08Z,DEBUG,payment.authorization,authorization request completed,8078d91e-deb7-579c-b604-98bb9feee3fe,req-104251,,151,"{""provider"": ""payflow"", ""environment"": ""production""}"
fb245112-a838-53a8-ad63-14d856ea8c77,30000000-0000-4000-8000-000000000002,2026-09-19T14:21:20Z,ERROR,payment.provider,upstream authorization request exceeded configured timeout,081d3fc4-37d6-568a-abf6-fae2c6da34da,req-204710,UPSTREAM_TIMEOUT,5000,"{""provider"": ""payflow"", ""operation"": ""authorize"", ""timeoutMs"": 5000}"
5a26ea3e-ef9e-5b59-b0cb-cb29a79ce5fc,30000000-0000-4000-8000-000000000002,2026-09-19T14:21:37Z,ERROR,payment.provider,upstream authorization request exceeded configured timeout,8a07d52d-02b3-5de6-b088-d845943586da,req-204711,UPSTREAM_TIMEOUT,5000,"{""provider"": ""payflow"", ""operation"": ""authorize"", ""timeoutMs"": 5000}"
68b58c07-61e9-52d1-8f93-ea708aa379f4,30000000-0000-4000-8000-000000000002,2026-09-19T14:22:08Z,INFO,payment.authorization,authorization request completed,de7e605b-79cc-5c34-88a2-45dd084bca08,req-104252,,231,"{""provider"": ""payflow"", ""environment"": ""production""}"
879951c5-c11e-5759-96dc-f6790c9478a9,30000000-0000-4000-8000-000000000002,2026-09-19T14:22:20Z,ERROR,payment.provider,upstream authorization request exceeded configured timeout,076352ad-3acc-5aba-8e9c-2376081ed989,req-204720,UPSTREAM_TIMEOUT,5000,"{""provider"": ""payflow"", ""operation"": ""authorize"", ""timeoutMs"": 5000}"
13c50876-4686-5145-abcb-4bdcbdd97057,30000000-0000-4000-8000-000000000002,2026-09-19T14:22:37Z,ERROR,payment.provider,upstream authorization request exceeded configured timeout,fc51f22a-4523-5f9e-9cf0-af25f7d1e634,req-204721,UPSTREAM_TIMEOUT,5000,"{""provider"": ""payflow"", ""operation"": ""authorize"", ""timeoutMs"": 5000}"
3e6f28b3-7014-53a5-8544-b7c99274e986,30000000-0000-4000-8000-000000000002,2026-09-19T14:23:08Z,INFO,payment.authorization,authorization request completed,4fbb8d47-f533-56a1-a91c-ecd7ef1da929,req-104253,,187,"{""provider"": ""payflow"", ""environment"": ""production""}"
229c09c7-60fc-50a4-b81f-38e3805088ce,30000000-0000-4000-8000-000000000002,2026-09-19T14:23:20Z,ERROR,payment.provider,upstream authorization request exceeded configured timeout,56634c75-4e19-5461-ad55-4ace5c47161d,req-204730,UPSTREAM_TIMEOUT,5000,"{""provider"": ""payflow"", ""operation"": ""authorize"", ""timeoutMs"": 5000}"
b6d1467c-1981-592a-9935-461fea9c09d5,30000000-0000-4000-8000-000000000002,2026-09-19T14:23:37Z,ERROR,payment.provider,upstream authorization request exceeded configured timeout,0363248d-3729-5287-be60-2bc0f62973ed,req-204731,UPSTREAM_TIMEOUT,5000,"{""provider"": ""payflow"", ""operation"": ""authorize"", ""timeoutMs"": 5000}"
4838d4cd-c742-585e-a3dc-7d74c74826f1,30000000-0000-4000-8000-000000000002,2026-09-19T14:24:08Z,INFO,payment.authorization,authorization request completed,7e882b82-8dd2-5077-b93f-52353ad1a884,req-104254,,140,"{""provider"": ""payflow"", ""environment"": ""production""}"
f1c5e5fb-89e8-580f-89b8-ba479bde6a4b,30000000-0000-4000-8000-000000000002,2026-09-19T14:24:20Z,ERROR,payment.provider,upstream authorization request exceeded configured timeout,57fd4650-3565-514d-a087-4c353d33bea1,req-204740,UPSTREAM_TIMEOUT,5000,"{""provider"": ""payflow"", ""operation"": ""authorize"", ""timeoutMs"": 5000}"
26962590-4c11-5a60-8f47-968d02a42088,30000000-0000-4000-8000-000000000002,2026-09-19T14:24:37Z,ERROR,payment.provider,upstream authorization request exceeded configured timeout,0167f997-9ca3-5fd0-b1a6-f1e7f5caad43,req-204741,UPSTREAM_TIMEOUT,5000,"{""provider"": ""payflow"", ""operation"": ""authorize"", ""timeoutMs"": 5000}"
32ddf97a-0e2f-578b-915c-1c56fac5a180,30000000-0000-4000-8000-000000000002,2026-09-19T14:25:08Z,DEBUG,payment.authorization,authorization request completed,18082b40-bb9e-5ac0-9480-3f414538c293,req-104255,,151,"{""provider"": ""payflow"", ""environment"": ""production""}"
b9faaefb-7c8f-5457-bfd4-104363bdb1db,30000000-0000-4000-8000-000000000002,2026-09-19T14:25:20Z,ERROR,payment.provider,upstream authorization request exceeded configured timeout,d7346ddc-0428-5f99-8420-7303d16b7b21,req-204750,UPSTREAM_TIMEOUT,5000,"{""provider"": ""payflow"", ""operation"": ""authorize"", ""timeoutMs"": 5000}"
d67a5dc5-5e34-5986-85c4-b156824598ee,30000000-0000-4000-8000-000000000002,2026-09-19T14:25:37Z,ERROR,payment.provider,upstream authorization request exceeded configured timeout,ef2589eb-a279-5501-b756-57259a278b02,req-204751,UPSTREAM_TIMEOUT,5000,"{""provider"": ""payflow"", ""operation"": ""authorize"", ""timeoutMs"": 5000}"
b2473a1a-1a3f-5471-823b-ccf2a0bd402f,30000000-0000-4000-8000-000000000002,2026-09-19T14:26:08Z,INFO,payment.authorization,authorization request completed,03c7ce21-ffe3-5a2a-9a8f-95f65c1f8944,req-104256,,230,"{""provider"": ""payflow"", ""environment"": ""production""}"
fb08a962-3cd6-58c2-8d2e-4ab96b97f93a,30000000-0000-4000-8000-000000000002,2026-09-19T14:26:20Z,ERROR,payment.provider,upstream authorization request exceeded configured timeout,55df3122-9052-5f08-9d96-77e3efac737a,req-204760,UPSTREAM_TIMEOUT,5000,"{""provider"": ""payflow"", ""operation"": ""authorize"", ""timeoutMs"": 5000}"
cc7ee4bf-6885-5a59-b9d4-fc9fa1e1c4ec,30000000-0000-4000-8000-000000000002,2026-09-19T14:26:37Z,ERROR,payment.provider,upstream authorization request exceeded configured timeout,cb543644-5902-56a1-9387-c4708bfe3f4e,req-204761,UPSTREAM_TIMEOUT,5000,"{""provider"": ""payflow"", ""operation"": ""authorize"", ""timeoutMs"": 5000}"
88346a16-8634-5bf3-8ec7-c8ccde1445e9,30000000-0000-4000-8000-000000000002,2026-09-19T14:27:08Z,INFO,payment.authorization,authorization request completed,c944182e-a043-5b7a-af0a-89c62385a84b,req-104257,,175,"{""provider"": ""payflow"", ""environment"": ""production""}"
cf868cca-b2a3-5b66-9e24-12e2bed388be,30000000-0000-4000-8000-000000000002,2026-09-19T14:27:20Z,ERROR,payment.provider,upstream authorization request exceeded configured timeout,42b84c26-33c0-541c-aa88-a4c7e886464f,req-204770,UPSTREAM_TIMEOUT,5000,"{""provider"": ""payflow"", ""operation"": ""authorize"", ""timeoutMs"": 5000}"
38d4f805-ec01-5f06-8e30-15244a0a3647,30000000-0000-4000-8000-000000000002,2026-09-19T14:27:37Z,ERROR,payment.provider,upstream authorization request exceeded configured timeout,deb36a73-57c2-50be-b19d-aeede7e123c8,req-204771,UPSTREAM_TIMEOUT,5000,"{""provider"": ""payflow"", ""operation"": ""authorize"", ""timeoutMs"": 5000}"
b4078cda-091e-53ac-a222-5bcfb41de94d,30000000-0000-4000-8000-000000000002,2026-09-19T14:28:08Z,INFO,payment.authorization,authorization request completed,85efb15b-cd8c-5a3c-831a-cf86baf919d3,req-104258,,142,"{""provider"": ""payflow"", ""environment"": ""production""}"
d7c7e138-3290-5c53-8ec2-906768b750ed,30000000-0000-4000-8000-000000000002,2026-09-19T14:28:20Z,ERROR,payment.provider,upstream authorization request exceeded configured timeout,e680f626-bc3e-5e7f-970c-62fb2de909fd,req-204780,UPSTREAM_TIMEOUT,5000,"{""provider"": ""payflow"", ""operation"": ""authorize"", ""timeoutMs"": 5000}"
c1ab5ebd-bece-5039-a9ce-689a0e806192,30000000-0000-4000-8000-000000000002,2026-09-19T14:28:37Z,ERROR,payment.provider,upstream authorization request exceeded configured timeout,7c4a0248-2aa7-5428-b56b-fc4fc3a4ac15,req-204781,UPSTREAM_TIMEOUT,5000,"{""provider"": ""payflow"", ""operation"": ""authorize"", ""timeoutMs"": 5000}"
fb15322d-64fe-53a0-9fb2-4f275712dffa,30000000-0000-4000-8000-000000000002,2026-09-19T14:29:08Z,INFO,payment.authorization,authorization request completed,84f543b7-038e-5566-8ae3-228e6ff6da5e,req-104259,,148,"{""provider"": ""payflow"", ""environment"": ""production""}"
06954b81-7c46-54a3-912d-efc6344dc58a,30000000-0000-4000-8000-000000000002,2026-09-19T14:29:20Z,ERROR,payment.provider,upstream authorization request exceeded configured timeout,c72614c0-137f-55f3-9ff4-2108f6ec3011,req-204790,UPSTREAM_TIMEOUT,5000,"{""provider"": ""payflow"", ""operation"": ""authorize"", ""timeoutMs"": 5000}"
91f85af4-9dc2-5ef8-b32a-ea08d9975c4e,30000000-0000-4000-8000-000000000002,2026-09-19T14:29:37Z,ERROR,payment.provider,upstream authorization request exceeded configured timeout,fab0b467-5010-5461-bc38-5d450bbb87d6,req-204791,UPSTREAM_TIMEOUT,5000,"{""provider"": ""payflow"", ""operation"": ""authorize"", ""timeoutMs"": 5000}"
48333026-aba2-5539-b3cd-92f358d29198,30000000-0000-4000-8000-000000000002,2026-09-19T14:30:08Z,INFO,payment.authorization,authorization request completed,e1c83ac9-8a41-5ce7-8dfd-6afe79aec614,req-104260,,198,"{""provider"": ""payflow"", ""environment"": ""production""}"
9b38e1be-8389-581c-bc1c-368f75731413,30000000-0000-4000-8000-000000000002,2026-09-19T14:30:20Z,ERROR,payment.provider,upstream authorization request exceeded configured timeout,73e6875e-9c6f-53ed-afd9-954e25f2b036,req-204800,UPSTREAM_TIMEOUT,5000,"{""provider"": ""payflow"", ""operation"": ""authorize"", ""timeoutMs"": 5000}"
98fa7d18-8776-5060-853b-b0dec230e8c0,30000000-0000-4000-8000-000000000002,2026-09-19T14:30:37Z,ERROR,payment.provider,upstream authorization request exceeded configured timeout,1e495520-e707-57d2-919b-9cf5e46c93fc,req-204801,UPSTREAM_TIMEOUT,5000,"{""provider"": ""payflow"", ""operation"": ""authorize"", ""timeoutMs"": 5000}"
2bb1893a-aba6-59d3-aae3-7b6287555d95,30000000-0000-4000-8000-000000000002,2026-09-19T14:31:08Z,INFO,payment.authorization,authorization request completed,a0c8e405-12ba-514a-8a20-2d09032daf8f,req-104261,,221,"{""provider"": ""payflow"", ""environment"": ""production""}"
74c1c983-850c-5b4c-94ac-4cc1c9552d43,30000000-0000-4000-8000-000000000002,2026-09-19T14:31:20Z,ERROR,payment.provider,upstream authorization request exceeded configured timeout,7cc65da6-5c43-5a48-bf33-616e77e3be12,req-204810,UPSTREAM_TIMEOUT,5000,"{""provider"": ""payflow"", ""operation"": ""authorize"", ""timeoutMs"": 5000}"
0fb933ce-3ec7-5a69-a93f-e4efa0d51405,30000000-0000-4000-8000-000000000002,2026-09-19T14:31:37Z,ERROR,payment.provider,upstream authorization request exceeded configured timeout,95ae1983-dea3-52ee-be4d-d8bae04901cd,req-204811,UPSTREAM_TIMEOUT,5000,"{""provider"": ""payflow"", ""operation"": ""authorize"", ""timeoutMs"": 5000}"
7df3daef-1af6-595c-8210-5745407486d7,30000000-0000-4000-8000-000000000002,2026-09-19T14:32:08Z,INFO,payment.authorization,authorization request completed,c9ff8f8c-fa02-5c3b-bfc2-fbc885abfae6,req-104262,,153,"{""provider"": ""payflow"", ""environment"": ""production""}"
e4795913-a3aa-53b4-98f0-798cfee88868,30000000-0000-4000-8000-000000000002,2026-09-19T14:32:20Z,ERROR,payment.provider,upstream authorization request exceeded configured timeout,07877236-9186-5077-ae2f-e74616b9db53,req-204820,UPSTREAM_TIMEOUT,5000,"{""provider"": ""payflow"", ""operation"": ""authorize"", ""timeoutMs"": 5000}"
3bb3b1b1-ad07-5899-a9d0-b5c261abdb80,30000000-0000-4000-8000-000000000002,2026-09-19T14:32:37Z,ERROR,payment.provider,upstream authorization request exceeded configured timeout,32f116fb-d249-5010-ad5c-8939736df08b,req-204821,UPSTREAM_TIMEOUT,5000,"{""provider"": ""payflow"", ""operation"": ""authorize"", ""timeoutMs"": 5000}"
cb7c57ec-ef12-5c6d-a00c-c6e76686fef5,30000000-0000-4000-8000-000000000002,2026-09-19T14:33:08Z,INFO,payment.authorization,authorization request completed,67f6ae0a-4d3a-53ba-94ee-2e5c34ce4280,req-104263,,184,"{""provider"": ""payflow"", ""environment"": ""production""}"
d09aa200-5395-5b0f-8d84-f13af525cfca,30000000-0000-4000-8000-000000000002,2026-09-19T14:33:20Z,ERROR,payment.provider,upstream authorization request exceeded configured timeout,90cbe7b2-5049-525e-980f-e47e87f0b937,req-204830,UPSTREAM_TIMEOUT,5000,"{""provider"": ""payflow"", ""operation"": ""authorize"", ""timeoutMs"": 5000}"
149a1a90-e75f-5d67-823f-46c433eac7b5,30000000-0000-4000-8000-000000000002,2026-09-19T14:33:37Z,ERROR,payment.provider,upstream authorization request exceeded configured timeout,a65e4d8f-24ec-555f-9144-231c8eceb2d5,req-204831,UPSTREAM_TIMEOUT,5000,"{""provider"": ""payflow"", ""operation"": ""authorize"", ""timeoutMs"": 5000}"
3f1dbae0-8bdb-5715-9ccc-6b3d13cedf8c,30000000-0000-4000-8000-000000000002,2026-09-19T14:34:08Z,INFO,payment.authorization,authorization request completed,55903bdc-88ca-53f8-a677-af0061885fbb,req-104264,,207,"{""provider"": ""payflow"", ""environment"": ""production""}"
1c5e9ce1-dd45-5161-822b-64d599397728,30000000-0000-4000-8000-000000000002,2026-09-19T14:34:20Z,ERROR,payment.provider,upstream authorization request exceeded configured timeout,472865fd-fa8b-53ed-ba98-e8196de69bd4,req-204840,UPSTREAM_TIMEOUT,5000,"{""provider"": ""payflow"", ""operation"": ""authorize"", ""timeoutMs"": 5000}"
59343402-fea0-5e83-a367-c3374a92e083,30000000-0000-4000-8000-000000000002,2026-09-19T14:34:37Z,ERROR,payment.provider,upstream authorization request exceeded configured timeout,7b509997-a99c-54d0-9c9c-27e769da1f83,req-204841,UPSTREAM_TIMEOUT,5000,"{""provider"": ""payflow"", ""operation"": ""authorize"", ""timeoutMs"": 5000}"
0f7e5849-3d2e-571e-8fba-b1dca5338507,30000000-0000-4000-8000-000000000002,2026-09-19T14:35:08Z,DEBUG,payment.authorization,authorization request completed,0175eee8-005b-5645-b407-faf70b1c6d53,req-104265,,180,"{""provider"": ""payflow"", ""environment"": ""production""}"
f6ffa83c-e8d5-588e-84a8-cc1be93f5b5f,30000000-0000-4000-8000-000000000002,2026-09-19T14:35:20Z,ERROR,payment.provider,upstream authorization request exceeded configured timeout,03909dbe-dfaa-5efb-85ec-7ec5a3d3316d,req-204850,UPSTREAM_TIMEOUT,5000,"{""provider"": ""payflow"", ""operation"": ""authorize"", ""timeoutMs"": 5000}"
1ca5d042-a9fe-5567-96b4-07c63ae72bbc,30000000-0000-4000-8000-000000000002,2026-09-19T14:35:37Z,ERROR,payment.provider,upstream authorization request exceeded configured timeout,e0dafee4-2f09-5ca2-802a-45906405851d,req-204851,UPSTREAM_TIMEOUT,5000,"{""provider"": ""payflow"", ""operation"": ""authorize"", ""timeoutMs"": 5000}"
996fdcc4-d78e-59a4-9c03-22473ef8e5a3,30000000-0000-4000-8000-000000000002,2026-09-19T14:36:08Z,INFO,payment.authorization,authorization request completed,b8d3cc5b-13df-5219-a4e6-a7c6282eaa64,req-104266,,236,"{""provider"": ""payflow"", ""environment"": ""production""}"
2e6bce1f-6401-5ec4-b88f-31e90e8a4a72,30000000-0000-4000-8000-000000000002,2026-09-19T14:37:08Z,DEBUG,payment.authorization,authorization request completed,fcc8af64-5c80-5b05-9b41-d470490f1cd7,req-104267,,233,"{""provider"": ""payflow"", ""environment"": ""production""}"
ff831b2b-01df-569a-bec8-9ab822b2c0cc,30000000-0000-4000-8000-000000000002,2026-09-19T14:38:08Z,DEBUG,payment.authorization,authorization request completed,49263727-303a-516d-a444-2c61f3e354dc,req-104268,,175,"{""provider"": ""payflow"", ""environment"": ""production""}"
f798dfbb-193c-54a9-a65d-ec31a5a1e0a2,30000000-0000-4000-8000-000000000002,2026-09-19T14:39:08Z,INFO,payment.authorization,authorization request completed,cdba27f9-08eb-507e-a2c5-fc86a0a197b5,req-104269,,220,"{""provider"": ""payflow"", ""environment"": ""production""}"
568edcf5-3088-519e-9873-4c190d605ab0,30000000-0000-4000-8000-000000000002,2026-09-19T14:40:08Z,INFO,payment.authorization,authorization request completed,801c30ad-7a74-5251-8aa9-9a95fcaeabb6,req-104270,,208,"{""provider"": ""payflow"", ""environment"": ""production""}"
3ed89994-ed3b-5c86-bbb3-d04c69a9a2da,30000000-0000-4000-8000-000000000002,2026-09-19T14:41:08Z,INFO,payment.authorization,authorization request completed,65207535-ce90-5510-b1e8-f6c528a816f3,req-104271,,145,"{""provider"": ""payflow"", ""environment"": ""production""}"
b15ad322-531b-5150-a666-690f4836d3ef,30000000-0000-4000-8000-000000000002,2026-09-19T14:42:08Z,INFO,payment.authorization,authorization request completed,79aeaf99-34da-5d49-8e78-0b910d66864f,req-104272,,220,"{""provider"": ""payflow"", ""environment"": ""production""}"
76181588-9611-5100-84bd-3ba8d0b4df32,30000000-0000-4000-8000-000000000002,2026-09-19T14:43:08Z,INFO,payment.authorization,authorization request completed,007f7b25-75ba-5b7f-abd9-0f2bc75447d7,req-104273,,219,"{""provider"": ""payflow"", ""environment"": ""production""}"
fc72922c-a88a-5379-ac83-393a95b53149,30000000-0000-4000-8000-000000000002,2026-09-19T14:44:08Z,INFO,payment.authorization,authorization request completed,4cfc40f5-6bac-5066-bd88-074e7c570897,req-104274,,221,"{""provider"": ""payflow"", ""environment"": ""production""}"
e1326287-6518-5a7f-bcef-6fcf89953e95,30000000-0000-4000-8000-000000000002,2026-09-19T14:45:08Z,INFO,payment.authorization,authorization request completed,f25cfd13-78fd-5991-bc5b-d3b8debde749,req-104275,,160,"{""provider"": ""payflow"", ""environment"": ""production""}"
