id,entityType,entityId,metricName,value,unit,observedAt
3e58ba34-9d71-5908-a295-3997def96659,SERVICE,30000000-0000-4000-8000-000000000002,http.requests.rate,116.841,requests/min,2026-09-19T13:30:00Z
11783586-f455-5356-946a-f00649588916,SERVICE,30000000-0000-4000-8000-000000000002,http.error_rate,0.755,percent,2026-09-19T13:30:00Z
b768978f-ab69-5185-a0a8-5e9b31d74628,SERVICE,30000000-0000-4000-8000-000000000002,http.p95_latency,211.107,ms,2026-09-19T13:30:00Z
5ba3c23d-a1a9-5d65-8104-eb1753b85e59,DEPENDENCY,60000000-0000-4000-8000-000000000001,authorization.p95_latency,254.619,ms,2026-09-19T13:30:00Z
3627b4de-0748-50ee-93dc-a937b85c0307,DEPENDENCY,60000000-0000-4000-8000-000000000001,authorization.timeout_rate,0.197,percent,2026-09-19T13:30:00Z
b741cdd3-52e0-5285-a113-9a59ceace586,DEPENDENCY,60000000-0000-4000-8000-000000000002,db.connection_utilization,52.988,percent,2026-09-19T13:30:00Z
5b2db75c-88ab-5125-b373-7b8d67a0e371,DEPENDENCY,60000000-0000-4000-8000-000000000002,db.query_p95_latency,25.556,ms,2026-09-19T13:30:00Z
716914fe-2a36-544a-a747-f74fbe9011ee,DEPENDENCY,60000000-0000-4000-8000-000000000002,db.error_rate,0.078,percent,2026-09-19T13:30:00Z
68d3bef1-2f03-5c7d-82e1-063eace4bcf5,SERVICE,30000000-0000-4000-8000-000000000002,http.requests.rate,120.599,requests/min,2026-09-19T13:31:00Z
390a0dc6-b33b-5531-bf1e-970c8b0bb3ff,SERVICE,30000000-0000-4000-8000-000000000002,http.error_rate,0.741,percent,2026-09-19T13:31:00Z
113411fb-8379-5550-b4e6-fbccc4abc26d,SERVICE,30000000-0000-4000-8000-000000000002,http.p95_latency,199.256,ms,2026-09-19T13:31:00Z
08587078-79eb-5254-8354-f20f90a851fc,DEPENDENCY,60000000-0000-4000-8000-000000000001,authorization.p95_latency,254.124,ms,2026-09-19T13:31:00Z
b7188f94-0b63-5c2c-8090-942f870cfdb9,DEPENDENCY,60000000-0000-4000-8000-000000000001,authorization.timeout_rate,0.134,percent,2026-09-19T13:31:00Z
b999f031-40bb-595c-ae29-68744321b4f5,DEPENDENCY,60000000-0000-4000-8000-000000000002,db.connection_utilization,53.207,percent,2026-09-19T13:31:00Z
21a21e88-a16c-5315-a6cc-44b218775293,DEPENDENCY,60000000-0000-4000-8000-000000000002,db.query_p95_latency,23.699,ms,2026-09-19T13:31:00Z
2a38929e-ec21-5a6e-bf35-c0a3f6409781,DEPENDENCY,60000000-0000-4000-8000-000000000002,db.error_rate,0.101,percent,2026-09-19T13:31:00Z
9db1b343-22cc-5bd5-a6fa-eaf1b6974e0a,SERVICE,30000000-0000-4000-8000-000000000002,http.requests.rate,122.831,requests/min,2026-09-19T13:32:00Z
69c6207f-b36c-597f-90b6-117275477952,SERVICE,30000000-0000-4000-8000-000000000002,http.error_rate,0.863,percent,2026-09-19T13:32:00Z
c08389a9-fb34-50dc-803a-70aa8f1c8d77,SERVICE,30000000-0000-4000-8000-000000000002,http.p95_latency,211.554,ms,2026-09-19T13:32:00Z
339c2455-8fd1-5ac3-a2d4-fa1bb393ab9c,DEPENDENCY,60000000-0000-4000-8000-000000000001,authorization.p95_latency,221.522,ms,2026-09-19T13:32:00Z
c0320b7b-668c-5d5e-bbce-b3f7353d9f05,DEPENDENCY,60000000-0000-4000-8000-000000000001,authorization.timeout_rate,0.279,percent,2026-09-19T13:32:00Z
7e0d8459-5866-5c9d-a826-0a5b68fa7906,DEPENDENCY,60000000-0000-4000-8000-000000000002,db.connection_utilization,51.222,percent,2026-09-19T13:32:00Z
c0884f05-dde7-57e3-bb73-1f4f261f1771,DEPENDENCY,60000000-0000-4000-8000-000000000002,db.query_p95_latency,22.729,ms,2026-09-19T13:32:00Z
a08df772-c24e-5c3a-b50e-78b067399cba,DEPENDENCY,60000000-0000-4000-8000-000000000002,db.error_rate,0.042,percent,2026-09-19T13:32:00Z
3ee31fb3-3e3f-53c2-9626-2163ee841049,SERVICE,30000000-0000-4000-8000-000000000002,http.requests.rate,122.861,requests/min,2026-09-19T13:33:00Z
ac9b1139-7c51-5dec-992c-a0a1166f9090,SERVICE,30000000-0000-4000-8000-000000000002,http.error_rate,0.885,percent,2026-09-19T13:33:00Z
fc32b34d-8761-5765-8f01-528115eaea3f,SERVICE,30000000-0000-4000-8000-000000000002,http.p95_latency,186.875,ms,2026-09-19T13:33:00Z
a6725106-ac35-5df0-8234-4cd83353f409,DEPENDENCY,60000000-0000-4000-8000-000000000001,authorization.p95_latency,190.681,ms,2026-09-19T13:33:00Z
00efcf01-9744-537f-bed9-54c9a29f9bd1,DEPENDENCY,60000000-0000-4000-8000-000000000001,authorization.timeout_rate,0.341,percent,2026-09-19T13:33:00Z
2c961537-d087-5091-a7d5-2651fe5c89b1,DEPENDENCY,60000000-0000-4000-8000-000000000002,db.connection_utilization,54.774,percent,2026-09-19T13:33:00Z
81837bc9-48d1-5180-8e72-b92b72bc4bd1,DEPENDENCY,60000000-0000-4000-8000-000000000002,db.query_p95_latency,25.136,ms,2026-09-19T13:33:00Z
21482b43-a7d7-58ff-9bf1-5e04f612bc8e,DEPENDENCY,60000000-0000-4000-8000-000000000002,db.error_rate,0.042,percent,2026-09-19T13:33:00Z
fd38831b-848a-5517-9afb-3ecf15475f86,SERVICE,30000000-0000-4000-8000-000000000002,http.requests.rate,125.276,requests/min,2026-09-19T13:34:00Z
3ef4a31d-c55f-50c3-9da9-238894e2b14c,SERVICE,30000000-0000-4000-8000-000000000002,http.error_rate,0.718,percent,2026-09-19T13:34:00Z
cf6d0cf8-1b34-5d97-82e5-41b261e8be05,SERVICE,30000000-0000-4000-8000-000000000002,http.p95_latency,210.747,ms,2026-09-19T13:34:00Z
088890f2-9cf9-5500-9d1b-507406c25641,DEPENDENCY,60000000-0000-4000-8000-000000000001,authorization.p95_latency,208.496,ms,2026-09-19T13:34:00Z
6edf111c-6352-5fd3-b418-a1e43c4180ba,DEPENDENCY,60000000-0000-4000-8000-000000000001,authorization.timeout_rate,0.233,percent,2026-09-19T13:34:00Z
17c67fbc-306c-50a1-905f-6e55db11b381,DEPENDENCY,60000000-0000-4000-8000-000000000002,db.connection_utilization,52.202,percent,2026-09-19T13:34:00Z
f5dd4c78-d0de-5ac1-87fe-b3af639b0f6c,DEPENDENCY,60000000-0000-4000-8000-000000000002,db.query_p95_latency,28.024,ms,2026-09-19T13:34:00Z
d1a4a3ad-9520-5617-bab5-aee5f8077f25,DEPENDENCY,60000000-0000-4000-8000-000000000002,db.error_rate,0.042,percent,2026-09-19T13:34:00Z
4de73c2c-b8d1-50b9-8406-2f6334de1d26,SERVICE,30000000-0000-4000-8000-000000000002,http.requests.rate,121.12,requests/min,2026-09-19T13:35:00Z
d91a145a-51cb-5a6b-8092-a74289f9d6ad,SERVICE,30000000-0000-4000-8000-000000000002,http.error_rate,0.837,percent,2026-09-19T13:35:00Z
66a39d0a-35c7-5225-8921-bf1f9e95ad6b,SERVICE,30000000-0000-4000-8000-000000000002,http.p95_latency,200.284,ms,2026-09-19T13:35:00Z
913aeef3-4b85-50c9-b031-c6bb84f53f3d,DEPENDENCY,60000000-0000-4000-8000-000000000001,authorization.p95_latency,193.629,ms,2026-09-19T13:35:00Z
05a1a4b8-c0ad-5a0f-bf11-140284e56c55,DEPENDENCY,60000000-0000-4000-8000-000000000001,authorization.timeout_rate,0.256,percent,2026-09-19T13:35:00Z
ae48334f-6a24-5526-9e1a-183ed18389a3,DEPENDENCY,60000000-0000-4000-8000-000000000002,db.connection_utilization,54.436,percent,2026-09-19T13:35:00Z
67b43d22-b38d-5475-be14-02e26638a427,DEPENDENCY,60000000-0000-4000-8000-000000000002,db.query_p95_latency,29.164,ms,2026-09-19T13:35:00Z
7532e506-2a6d-5977-8299-905b4042173e,DEPENDENCY,60000000-0000-4000-8000-000000000002,db.error_rate,0.055,percent,2026-09-19T13:35:00Z
3b23a73e-48b2-537d-b4ef-61c39e03b417,SERVICE,30000000-0000-4000-8000-000000000002,http.requests.rate,125.092,requests/min,2026-09-19T13:36:00Z
ab75694a-5859-5dc3-a8a4-f5955a030056,SERVICE,30000000-0000-4000-8000-000000000002,http.error_rate,0.847,percent,2026-09-19T13:36:00Z
2174b809-3966-5561-9e87-85c6afccc039,SERVICE,30000000-0000-4000-8000-000000000002,http.p95_latency,197.904,ms,2026-09-19T13:36:00Z
36396dbc-627f-567c-bff7-4c4d69621b28,DEPENDENCY,60000000-0000-4000-8000-000000000001,authorization.p95_latency,259.348,ms,2026-09-19T13:36:00Z
4ed93489-1c00-52b8-916e-08472160c578,DEPENDENCY,60000000-0000-4000-8000-000000000001,authorization.timeout_rate,0.1,percent,2026-09-19T13:36:00Z
c857d6c6-2151-5146-a721-1c232e06018e,DEPENDENCY,60000000-0000-4000-8000-000000000002,db.connection_utilization,56.488,percent,2026-09-19T13:36:00Z
f4074360-ad84-59fb-a294-63f17e8c96e8,DEPENDENCY,60000000-0000-4000-8000-000000000002,db.query_p95_latency,25.053,ms,2026-09-19T13:36:00Z
1169d1ef-095f-5a12-8c93-c9bf59791fb8,DEPENDENCY,60000000-0000-4000-8000-000000000002,db.error_rate,0.063,percent,2026-09-19T13:36:00Z
4163afc7-58d5-5d23-8417-d222072e9187,SERVICE,30000000-0000-4000-8000-000000000002,http.requests.rate,125.55,requests/min,2026-09-19T13:37:00Z
6703058b-60ff-5b31-8397-a351dbd061a3,SERVICE,30000000-0000-4000-8000-000000000002,http.error_rate,0.807,percent,2026-09-19T13:37:00Z
06029766-0e8c-511a-8b7d-b8e9a50668a4,SERVICE,30000000-0000-4000-8000-000000000002,http.p95_latency,208.39,ms,2026-09-19T13:37:00Z
224ae17f-498e-5e0d-ba0d-4343f770ec38,DEPENDENCY,60000000-0000-4000-8000-000000000001,authorization.p95_latency,198.317,ms,2026-09-19T13:37:00Z
7027e0b6-b5fc-53a5-ade5-36b16d2c8171,DEPENDENCY,60000000-0000-4000-8000-000000000001,authorization.timeout_rate,0.137,percent,2026-09-19T13:37:00Z
6624e2a3-8b4c-5dbd-9ca8-adcec89f8e64,DEPENDENCY,60000000-0000-4000-8000-000000000002,db.connection_utilization,54.699,percent,2026-09-19T13:37:00Z
96b3bec8-1eb6-5d26-9140-9d0ae23cb576,DEPENDENCY,60000000-0000-4000-8000-000000000002,db.query_p95_latency,30.007,ms,2026-09-19T13:37:00Z
af36f77e-ed57-5be1-935a-9d289ebb7993,DEPENDENCY,60000000-0000-4000-8000-000000000002,db.error_rate,0.071,percent,2026-09-19T13:37:00Z
7b1da5b9-f43c-5d87-9d5b-48c593f480d6,SERVICE,30000000-0000-4000-8000-000000000002,http.requests.rate,124.779,requests/min,2026-09-19T13:38:00Z
8267e382-ecad-5296-aec6-a08bfcda8dac,SERVICE,30000000-0000-4000-8000-000000000002,http.error_rate,0.781,percent,2026-09-19T13:38:00Z
f17f4a65-e720-5ad8-b0d4-41d9ea8436c3,SERVICE,30000000-0000-4000-8000-000000000002,http.p95_latency,189.081,ms,2026-09-19T13:38:00Z
d32c21f4-0305-548c-a8cb-0ad3bf457aa3,DEPENDENCY,60000000-0000-4000-8000-000000000001,authorization.p95_latency,231.649,ms,2026-09-19T13:38:00Z
7fe4fb84-e10a-5d71-83dd-3a0b245f30bb,DEPENDENCY,60000000-0000-4000-8000-000000000001,authorization.timeout_rate,0.349,percent,2026-09-19T13:38:00Z
40b023d0-7676-5649-8140-be95ec1fe219,DEPENDENCY,60000000-0000-4000-8000-000000000002,db.connection_utilization,57.326,percent,2026-09-19T13:38:00Z
39b696d3-90aa-565a-ab36-af4ae741f58a,DEPENDENCY,60000000-0000-4000-8000-000000000002,db.query_p95_latency,29.865,ms,2026-09-19T13:38:00Z
f251a61a-fd75-586d-9443-f8e0fa654f19,DEPENDENCY,60000000-0000-4000-8000-000000000002,db.error_rate,0.107,percent,2026-09-19T13:38:00Z
7239973e-3677-598c-891b-18319c612e00,SERVICE,30000000-0000-4000-8000-000000000002,http.requests.rate,123.325,requests/min,2026-09-19T13:39:00Z
84001bd0-5f57-5a63-9e65-27f3da722b81,SERVICE,30000000-0000-4000-8000-000000000002,http.error_rate,0.771,percent,2026-09-19T13:39:00Z
b3c0c9d7-067a-5f83-8c0d-a3cdbdcbd257,SERVICE,30000000-0000-4000-8000-000000000002,http.p95_latency,167.014,ms,2026-09-19T13:39:00Z
db331a66-6e90-500d-a84f-e981b1d15a15,DEPENDENCY,60000000-0000-4000-8000-000000000001,authorization.p95_latency,190.681,ms,2026-09-19T13:39:00Z
3d753ae9-12d0-5045-97fd-e97d61926ebd,DEPENDENCY,60000000-0000-4000-8000-000000000001,authorization.timeout_rate,0.323,percent,2026-09-19T13:39:00Z
c3c2190a-4710-5e63-a693-69e159256b05,DEPENDENCY,60000000-0000-4000-8000-000000000002,db.connection_utilization,55.135,percent,2026-09-19T13:39:00Z
37ce5990-4838-5602-8e8c-db9009325cab,DEPENDENCY,60000000-0000-4000-8000-000000000002,db.query_p95_latency,29.155,ms,2026-09-19T13:39:00Z
4d7f5f4b-3f45-5da8-8eab-63f9c28ad303,DEPENDENCY,60000000-0000-4000-8000-000000000002,db.error_rate,0.1,percent,2026-09-19T13:39:00Z
2b7447e8-1ddb-5a5e-a5a2-640ce6ab68a6,SERVICE,30000000-0000-4000-8000-000000000002,http.requests.rate,125.121,requests/min,2026-09-19T13:40:00Z
04218c59-e4fe-59ac-8d9a-5617ed2354c1,SERVICE,30000000-0000-4000-8000-000000000002,http.error_rate,0.774,percent,2026-09-19T13:40:00Z
e0032ed2-3a16-54f9-8479-506091ffd0ee,SERVICE,30000000-0000-4000-8000-000000000002,http.p95_latency,198.601,ms,2026-09-19T13:40:00Z
876c623c-72c4-5961-9ebf-c7d7bb9286d2,DEPENDENCY,60000000-0000-4000-8000-000000000001,authorization.p95_latency,260.592,ms,2026-09-19T13:40:00Z
3129744d-b07f-5bce-8f13-2f119eebee81,DEPENDENCY,60000000-0000-4000-8000-000000000001,authorization.timeout_rate,0.1,percent,2026-09-19T13:40:00Z
03403c67-af02-5a40-9c34-c58abd460353,DEPENDENCY,60000000-0000-4000-8000-000000000002,db.connection_utilization,55.976,percent,2026-09-19T13:40:00Z
caa3c8cd-3aaf-57b7-b81d-d3bf5ec546d2,DEPENDENCY,60000000-0000-4000-8000-000000000002,db.query_p95_latency,28.005,ms,2026-09-19T13:40:00Z
af1d3cdf-4c59-572e-9302-d20d52d3cd6e,DEPENDENCY,60000000-0000-4000-8000-000000000002,db.error_rate,0.044,percent,2026-09-19T13:40:00Z
815864ef-d983-5d79-ab83-128bcf7943ee,SERVICE,30000000-0000-4000-8000-000000000002,http.requests.rate,122.234,requests/min,2026-09-19T13:41:00Z
07f9301f-428c-53f8-994a-1a728622bd1a,SERVICE,30000000-0000-4000-8000-000000000002,http.error_rate,0.842,percent,2026-09-19T13:41:00Z
eeee4f0f-b1c9-5f10-845e-75a73e414185,SERVICE,30000000-0000-4000-8000-000000000002,http.p95_latency,185.403,ms,2026-09-19T13:41:00Z
a1c2e568-f12a-54b0-8327-180d09013c00,DEPENDENCY,60000000-0000-4000-8000-000000000001,authorization.p95_latency,182.057,ms,2026-09-19T13:41:00Z
8b88def6-1542-54e9-a25e-1adb507bfa15,DEPENDENCY,60000000-0000-4000-8000-000000000001,authorization.timeout_rate,0.212,percent,2026-09-19T13:41:00Z
6ab3e5ae-2880-5c40-8282-61d32c2ef3bf,DEPENDENCY,60000000-0000-4000-8000-000000000002,db.connection_utilization,55.76,percent,2026-09-19T13:41:00Z
a903a843-8e22-5e92-acda-fc02031ae26b,DEPENDENCY,60000000-0000-4000-8000-000000000002,db.query_p95_latency,27.99,ms,2026-09-19T13:41:00Z
621ae4fd-8756-567f-9420-a774611a7c2d,DEPENDENCY,60000000-0000-4000-8000-000000000002,db.error_rate,0.059,percent,2026-09-19T13:41:00Z
a909bc44-43cf-5302-b6f0-f2e108fa157f,SERVICE,30000000-0000-4000-8000-000000000002,http.requests.rate,126.715,requests/min,2026-09-19T13:42:00Z
f6ba6264-da3a-5157-bc36-bbec6b27c691,SERVICE,30000000-0000-4000-8000-000000000002,http.error_rate,0.756,percent,2026-09-19T13:42:00Z
ea9d2d41-8357-5d73-9ab2-d9ec1d3f2cd5,SERVICE,30000000-0000-4000-8000-000000000002,http.p95_latency,158.875,ms,2026-09-19T13:42:00Z
24c9b810-81c1-5a63-8717-056e6cb7d92e,DEPENDENCY,60000000-0000-4000-8000-000000000001,authorization.p95_latency,208.033,ms,2026-09-19T13:42:00Z
2a376991-51bf-5e71-a519-19eac936a487,DEPENDENCY,60000000-0000-4000-8000-000000000001,authorization.timeout_rate,0.22,percent,2026-09-19T13:42:00Z
486de201-d84a-5a98-8c35-0d265d556e9b,DEPENDENCY,60000000-0000-4000-8000-000000000002,db.connection_utilization,54.086,percent,2026-09-19T13:42:00Z
016628ef-0616-5906-892e-7b8f088bb15c,DEPENDENCY,60000000-0000-4000-8000-000000000002,db.query_p95_latency,27.396,ms,2026-09-19T13:42:00Z
9937bd3f-e731-5f53-aa17-db4cd7ae4b1b,DEPENDENCY,60000000-0000-4000-8000-000000000002,db.error_rate,0.081,percent,2026-09-19T13:42:00Z
cde82c52-165f-54f6-8533-07103ac96589,SERVICE,30000000-0000-4000-8000-000000000002,http.requests.rate,125.392,requests/min,2026-09-19T13:43:00Z
d982cbc8-4027-557e-ada7-4b5e48b8cc09,SERVICE,30000000-0000-4000-8000-000000000002,http.error_rate,0.742,percent,2026-09-19T13:43:00Z
8ef94116-c866-554d-918d-82f5ab5ed988,SERVICE,30000000-0000-4000-8000-000000000002,http.p95_latency,195.35,ms,2026-09-19T13:43:00Z
bf9bd21f-384d-5da4-a4b9-8f3d7236182a,DEPENDENCY,60000000-0000-4000-8000-000000000001,authorization.p95_latency,230.488,ms,2026-09-19T13:43:00Z
e1d24a7d-0fda-53cb-a612-c1a15f397680,DEPENDENCY,60000000-0000-4000-8000-000000000001,authorization.timeout_rate,0.137,percent,2026-09-19T13:43:00Z
81a6824c-98d8-5db3-b34b-71760935df0e,DEPENDENCY,60000000-0000-4000-8000-000000000002,db.connection_utilization,54.992,percent,2026-09-19T13:43:00Z
3d63489f-3310-5955-887f-b059f0982b2d,DEPENDENCY,60000000-0000-4000-8000-000000000002,db.query_p95_latency,27.716,ms,2026-09-19T13:43:00Z
b878225f-54f3-5c8e-abc7-c0c490b53850,DEPENDENCY,60000000-0000-4000-8000-000000000002,db.error_rate,0.092,percent,2026-09-19T13:43:00Z
67227fdf-d6d5-5aed-87b8-d48ea266b456,SERVICE,30000000-0000-4000-8000-000000000002,http.requests.rate,121.779,requests/min,2026-09-19T13:44:00Z
7699b8f3-a379-5695-a28c-b9b5c207c66b,SERVICE,30000000-0000-4000-8000-000000000002,http.error_rate,0.752,percent,2026-09-19T13:44:00Z
fe2eeaca-6c27-50bd-84fd-0005e3a44e00,SERVICE,30000000-0000-4000-8000-000000000002,http.p95_latency,171.344,ms,2026-09-19T13:44:00Z
b782bb6b-4294-551a-bad0-bce87133deca,DEPENDENCY,60000000-0000-4000-8000-000000000001,authorization.p95_latency,228.529,ms,2026-09-19T13:44:00Z
63dcafea-53bf-5c4f-b0e4-5a7af2260fd0,DEPENDENCY,60000000-0000-4000-8000-000000000001,authorization.timeout_rate,0.315,percent,2026-09-19T13:44:00Z
a612c79f-8558-5520-bc5a-3372febe3b8f,DEPENDENCY,60000000-0000-4000-8000-000000000002,db.connection_utilization,54.732,percent,2026-09-19T13:44:00Z
442935eb-e23c-5601-b44f-55453bb3a9b2,DEPENDENCY,60000000-0000-4000-8000-000000000002,db.query_p95_latency,29.923,ms,2026-09-19T13:44:00Z
20d74649-cfd6-5a96-9045-91270d28c72a,DEPENDENCY,60000000-0000-4000-8000-000000000002,db.error_rate,0.076,percent,2026-09-19T13:44:00Z
f076ab23-b6ec-52dd-b15d-a91dba204123,SERVICE,30000000-0000-4000-8000-000000000002,http.requests.rate,117.297,requests/min,2026-09-19T13:45:00Z
a07383fc-0e6a-5a2b-bed5-f0a91bc97996,SERVICE,30000000-0000-4000-8000-000000000002,http.error_rate,0.816,percent,2026-09-19T13:45:00Z
7f73afa5-a328-5242-8fd9-94615a92b06d,SERVICE,30000000-0000-4000-8000-000000000002,http.p95_latency,179.029,ms,2026-09-19T13:45:00Z
94e8cd28-1c25-544d-a089-e870188fb561,DEPENDENCY,60000000-0000-4000-8000-000000000001,authorization.p95_latency,247.749,ms,2026-09-19T13:45:00Z
921cd903-b5c3-56d9-ab9c-61750370af2f,DEPENDENCY,60000000-0000-4000-8000-000000000001,authorization.timeout_rate,0.147,percent,2026-09-19T13:45:00Z
ebedafd7-7142-5766-8550-a381b387b2b3,DEPENDENCY,60000000-0000-4000-8000-000000000002,db.connection_utilization,55.91,percent,2026-09-19T13:45:00Z
a443b648-67fb-5e32-b84e-7ed11fd084a4,DEPENDENCY,60000000-0000-4000-8000-000000000002,db.query_p95_latency,30.277,ms,2026-09-19T13:45:00Z
2bc73c92-6ac5-5fa7-bbf0-31d2716e98d7,DEPENDENCY,60000000-0000-4000-8000-000000000002,db.error_rate,0.055,percent,2026-09-19T13:45:00Z
6a964866-a0df-5bbd-afb1-676101fd574c,SERVICE,30000000-0000-4000-8000-000000000002,http.requests.rate,117.906,requests/min,2026-09-19T13:46:00Z
9bf8ed68-688d-5790-b953-e43f6c6b7a99,SERVICE,30000000-0000-4000-8000-000000000002,http.error_rate,0.83,percent,2026-09-19T13:46:00Z
d80804d1-391b-55ce-ad38-0f1e200b5575,SERVICE,30000000-0000-4000-8000-000000000002,http.p95_latency,207.205,ms,2026-09-19T13:46:00Z
475052b9-c3a8-55ee-b6be-6564067a272a,DEPENDENCY,60000000-0000-4000-8000-000000000001,authorization.p95_latency,228.233,ms,2026-09-19T13:46:00Z
b231e15b-229a-51e5-951e-213aedf70217,DEPENDENCY,60000000-0000-4000-8000-000000000001,authorization.timeout_rate,0.158,percent,2026-09-19T13:46:00Z
b86f1e30-cdcb-5345-b20b-9d641a5906fb,DEPENDENCY,60000000-0000-4000-8000-000000000002,db.connection_utilization,53.813,percent,2026-09-19T13:46:00Z
3997a241-d396-506b-87ed-1808481f68e4,DEPENDENCY,60000000-0000-4000-8000-000000000002,db.query_p95_latency,29.651,ms,2026-09-19T13:46:00Z
45f5b230-0b4e-583a-ad1d-7aa9706bebf3,DEPENDENCY,60000000-0000-4000-8000-000000000002,db.error_rate,0.073,percent,2026-09-19T13:46:00Z
df7c454c-8e05-5f51-807e-c01230e5bbc9,SERVICE,30000000-0000-4000-8000-000000000002,http.requests.rate,117.639,requests/min,2026-09-19T13:47:00Z
af0aff15-a04e-585e-a62f-5c9fabe94a39,SERVICE,30000000-0000-4000-8000-000000000002,http.error_rate,0.886,percent,2026-09-19T13:47:00Z
8fb1a56c-f216-5609-bbd7-95cd2edf56e5,SERVICE,30000000-0000-4000-8000-000000000002,http.p95_latency,183.433,ms,2026-09-19T13:47:00Z
c6ae6985-202b-5dea-8d85-c932921c77b6,DEPENDENCY,60000000-0000-4000-8000-000000000001,authorization.p95_latency,197.951,ms,2026-09-19T13:47:00Z
458b044e-ad11-51b7-9457-a392fc015dd0,DEPENDENCY,60000000-0000-4000-8000-000000000001,authorization.timeout_rate,0.324,percent,2026-09-19T13:47:00Z
4fc3ff7e-3a4b-5b02-9c0c-7c6899e985d4,DEPENDENCY,60000000-0000-4000-8000-000000000002,db.connection_utilization,56.103,percent,2026-09-19T13:47:00Z
ae1cf6c3-9692-52fc-82d9-dd426426c6ef,DEPENDENCY,60000000-0000-4000-8000-000000000002,db.query_p95_latency,30.087,ms,2026-09-19T13:47:00Z
252c6701-0687-5f55-8b3a-f63bfda96bab,DEPENDENCY,60000000-0000-4000-8000-000000000002,db.error_rate,0.067,percent,2026-09-19T13:47:00Z
9840e018-fc3c-57f1-af9b-c8d6ba515981,SERVICE,30000000-0000-4000-8000-000000000002,http.requests.rate,111.37,requests/min,2026-09-19T13:48:00Z
b7d142cf-63ee-541e-8d76-5a42dc577561,SERVICE,30000000-0000-4000-8000-000000000002,http.error_rate,0.788,percent,2026-09-19T13:48:00Z
4431a07b-7e68-5885-af2c-55b10aded24b,SERVICE,30000000-0000-4000-8000-000000000002,http.p95_latency,177.444,ms,2026-09-19T13:48:00Z
3e991de4-a75d-5fdf-9c10-b1421e07f2b2,DEPENDENCY,60000000-0000-4000-8000-000000000001,authorization.p95_latency,191.207,ms,2026-09-19T13:48:00Z
d3f43e02-6825-5ad8-9901-eb4c8dac1941,DEPENDENCY,60000000-0000-4000-8000-000000000001,authorization.timeout_rate,0.156,percent,2026-09-19T13:48:00Z
22d7e18a-7827-5482-9a3b-bd4ccb1dca8b,DEPENDENCY,60000000-0000-4000-8000-000000000002,db.connection_utilization,51.741,percent,2026-09-19T13:48:00Z
35d98e44-e885-564f-9ba8-b1e5a411dc45,DEPENDENCY,60000000-0000-4000-8000-000000000002,db.query_p95_latency,28.366,ms,2026-09-19T13:48:00Z
cd42ca7a-63f8-5922-bc4a-eafc80cbc755,DEPENDENCY,60000000-0000-4000-8000-000000000002,db.error_rate,0.11,percent,2026-09-19T13:48:00Z
a831c67b-e6a2-5aac-9c3d-e53ed09bf5c4,SERVICE,30000000-0000-4000-8000-000000000002,http.requests.rate,113.052,requests/min,2026-09-19T13:49:00Z
513c076b-2c93-57ae-9677-ba150a62fab6,SERVICE,30000000-0000-4000-8000-000000000002,http.error_rate,0.834,percent,2026-09-19T13:49:00Z
baf2a7f9-2861-54eb-b36f-7d499babda3a,SERVICE,30000000-0000-4000-8000-000000000002,http.p95_latency,173.191,ms,2026-09-19T13:49:00Z
30155f28-1049-5af3-957e-5841cde849b3,DEPENDENCY,60000000-0000-4000-8000-000000000001,authorization.p95_latency,184.554,ms,2026-09-19T13:49:00Z
62b24dfc-5e25-5b2d-a974-58cfe0e9d863,DEPENDENCY,60000000-0000-4000-8000-000000000001,authorization.timeout_rate,0.287,percent,2026-09-19T13:49:00Z
2c6af25c-da42-5836-845a-9cc42df51c6a,DEPENDENCY,60000000-0000-4000-8000-000000000002,db.connection_utilization,51.424,percent,2026-09-19T13:49:00Z
a2bf9758-6a1b-51b4-91d2-97b088047f43,DEPENDENCY,60000000-0000-4000-8000-000000000002,db.query_p95_latency,31.093,ms,2026-09-19T13:49:00Z
f7b9b9fd-f4b1-5507-b5a2-9ba486ad7dd6,DEPENDENCY,60000000-0000-4000-8000-000000000002,db.error_rate,0.042,percent,2026-09-19T13:49:00Z
c6732873-226d-5841-b4fa-661e391cb827,SERVICE,30000000-0000-4000-8000-000000000002,http.requests.rate,111.874,requests/min,2026-09-19T13:50:00Z
44c7a2fe-c72d-55a5-9b72-f19fcaff456f,SERVICE,30000000-0000-4000-8000-000000000002,http.error_rate,0.834,percent,2026-09-19T13:50:00Z
bc96f43d-80f7-53b9-ae88-e983fa4a19ee,SERVICE,30000000-0000-4000-8000-000000000002,http.p95_latency,166.452,ms,2026-09-19T13:50:00Z
5d1cd2ff-575d-55b4-8947-8b6e5a1ed716,DEPENDENCY,60000000-0000-4000-8000-000000000001,authorization.p95_latency,248.365,ms,2026-09-19T13:50:00Z
456abf8d-22fa-5303-85a5-5e59552239db,DEPENDENCY,60000000-0000-4000-8000-000000000001,authorization.timeout_rate,0.347,percent,2026-09-19T13:50:00Z
6fa92f40-e83c-58d7-bb6b-2312712b8034,DEPENDENCY,60000000-0000-4000-8000-000000000002,db.connection_utilization,52.037,percent,2026-09-19T13:50:00Z
94dbe4da-3757-5ae6-bf01-576fa15563f2,DEPENDENCY,60000000-0000-4000-8000-000000000002,db.query_p95_latency,28.31,ms,2026-09-19T13:50:00Z
e1956c7b-1a2f-57d9-badb-54f01b3518e5,DEPENDENCY,60000000-0000-4000-8000-000000000002,db.error_rate,0.101,percent,2026-09-19T13:50:00Z
7140a10a-c397-5057-a108-2365743be3d3,SERVICE,30000000-0000-4000-8000-000000000002,http.requests.rate,107.121,requests/min,2026-09-19T13:51:00Z
37d45529-9272-5dea-968b-564fbbab88a8,SERVICE,30000000-0000-4000-8000-000000000002,http.error_rate,0.868,percent,2026-09-19T13:51:00Z
9c371141-49fe-56de-a15b-c0dd29cee994,SERVICE,30000000-0000-4000-8000-000000000002,http.p95_latency,190.137,ms,2026-09-19T13:51:00Z
eafd6705-e456-5be3-bfce-26295507b8cb,DEPENDENCY,60000000-0000-4000-8000-000000000001,authorization.p95_latency,193.947,ms,2026-09-19T13:51:00Z
afd819e7-eb74-51f1-8d61-9c940ba058a3,DEPENDENCY,60000000-0000-4000-8000-000000000001,authorization.timeout_rate,0.32,percent,2026-09-19T13:51:00Z
667bb5bb-4da0-5350-8a07-15910dc0fb64,DEPENDENCY,60000000-0000-4000-8000-000000000002,db.connection_utilization,52.896,percent,2026-09-19T13:51:00Z
5d2a97c1-2a19-5128-b2e9-95d69997fd2c,DEPENDENCY,60000000-0000-4000-8000-000000000002,db.query_p95_latency,28.622,ms,2026-09-19T13:51:00Z
eafc3930-74b8-54d1-91b7-7bcf9a404dea,DEPENDENCY,60000000-0000-4000-8000-000000000002,db.error_rate,0.106,percent,2026-09-19T13:51:00Z
8e4bb77c-e211-553b-8f60-fd3a51f25409,SERVICE,30000000-0000-4000-8000-000000000002,http.requests.rate,113.907,requests/min,2026-09-19T13:52:00Z
45dedec7-b49a-5796-b716-42ab6ba3cae4,SERVICE,30000000-0000-4000-8000-000000000002,http.error_rate,0.847,percent,2026-09-19T13:52:00Z
fe084e92-cedc-5e3c-8c87-e959769c5002,SERVICE,30000000-0000-4000-8000-000000000002,http.p95_latency,167.245,ms,2026-09-19T13:52:00Z
8321c653-8119-5c31-a341-abb55e033f91,DEPENDENCY,60000000-0000-4000-8000-000000000001,authorization.p95_latency,212.017,ms,2026-09-19T13:52:00Z
b321a24f-c88c-5a27-bd6d-eefa1ce16c82,DEPENDENCY,60000000-0000-4000-8000-000000000001,authorization.timeout_rate,0.321,percent,2026-09-19T13:52:00Z
8d03ae58-5f50-54ec-ab94-800db031ca31,DEPENDENCY,60000000-0000-4000-8000-000000000002,db.connection_utilization,51.219,percent,2026-09-19T13:52:00Z
9abc059f-c1f4-5dec-8490-8e3b5b24a561,DEPENDENCY,60000000-0000-4000-8000-000000000002,db.query_p95_latency,25.13,ms,2026-09-19T13:52:00Z
5e7f71d4-ff68-5c63-b93f-5ed86962fb64,DEPENDENCY,60000000-0000-4000-8000-000000000002,db.error_rate,0.079,percent,2026-09-19T13:52:00Z
5087f17c-4f53-5273-88c9-8a69985d27a5,SERVICE,30000000-0000-4000-8000-000000000002,http.requests.rate,108.191,requests/min,2026-09-19T13:53:00Z
64f7b8af-8dec-5426-bfab-6c5fea40d566,SERVICE,30000000-0000-4000-8000-000000000002,http.error_rate,0.772,percent,2026-09-19T13:53:00Z
db0cfeaf-af12-5a24-9d41-6195e4624b3a,SERVICE,30000000-0000-4000-8000-000000000002,http.p95_latency,208.52,ms,2026-09-19T13:53:00Z
56757987-4b0f-5a90-832a-c5a0ade1537e,DEPENDENCY,60000000-0000-4000-8000-000000000001,authorization.p95_latency,263.214,ms,2026-09-19T13:53:00Z
c484f375-95dc-55d7-a994-95b9d5d3c292,DEPENDENCY,60000000-0000-4000-8000-000000000001,authorization.timeout_rate,0.104,percent,2026-09-19T13:53:00Z
6105adf8-406d-5096-9ce1-981382e1b2cb,DEPENDENCY,60000000-0000-4000-8000-000000000002,db.connection_utilization,50.281,percent,2026-09-19T13:53:00Z
9209607e-c78b-5a13-9bcb-0cf683cb41f4,DEPENDENCY,60000000-0000-4000-8000-000000000002,db.query_p95_latency,24.536,ms,2026-09-19T13:53:00Z
aef60249-939a-5b07-938a-262939fddd2e,DEPENDENCY,60000000-0000-4000-8000-000000000002,db.error_rate,0.075,percent,2026-09-19T13:53:00Z
a72185a5-849e-54ef-90a2-04a2ab7a7bbc,SERVICE,30000000-0000-4000-8000-000000000002,http.requests.rate,112.291,requests/min,2026-09-19T13:54:00Z
54528305-137f-53c7-938d-7b46982b829c,SERVICE,30000000-0000-4000-8000-000000000002,http.error_rate,0.716,percent,2026-09-19T13:54:00Z
f4af638e-6388-5781-9921-7cffe8124c65,SERVICE,30000000-0000-4000-8000-000000000002,http.p95_latency,191.685,ms,2026-09-19T13:54:00Z
38a5a574-e643-5a0b-97af-6eb2266d7725,DEPENDENCY,60000000-0000-4000-8000-000000000001,authorization.p95_latency,184.623,ms,2026-09-19T13:54:00Z
d97d411b-9aaa-582c-9cea-1aab91236998,DEPENDENCY,60000000-0000-4000-8000-000000000001,authorization.timeout_rate,0.262,percent,2026-09-19T13:54:00Z
a4fde89f-873e-5cac-8b7b-c8efeab22656,DEPENDENCY,60000000-0000-4000-8000-000000000002,db.connection_utilization,50.04,percent,2026-09-19T13:54:00Z
4fc44228-07c6-5e33-9fc5-384f2c7ad624,DEPENDENCY,60000000-0000-4000-8000-000000000002,db.query_p95_latency,27.83,ms,2026-09-19T13:54:00Z
4c80f012-721c-5d31-b2a4-597a9cc4584e,DEPENDENCY,60000000-0000-4000-8000-000000000002,db.error_rate,0.086,percent,2026-09-19T13:54:00Z
21e5aff0-45b9-5e78-811c-94b139f65bc5,SERVICE,30000000-0000-4000-8000-000000000002,http.requests.rate,110.45,requests/min,2026-09-19T13:55:00Z
b8de1be2-c817-556d-a693-be6715d667ef,SERVICE,30000000-0000-4000-8000-000000000002,http.error_rate,0.854,percent,2026-09-19T13:55:00Z
099bc985-3683-57f1-bdc0-4965655f564e,SERVICE,30000000-0000-4000-8000-000000000002,http.p95_latency,167.853,ms,2026-09-19T13:55:00Z
feafbc62-1414-56eb-9f53-6b2aa3e43d3c,DEPENDENCY,60000000-0000-4000-8000-000000000001,authorization.p95_latency,219.36,ms,2026-09-19T13:55:00Z
d9c01af3-39f2-5258-9b94-ad8ec29f18c0,DEPENDENCY,60000000-0000-4000-8000-000000000001,authorization.timeout_rate,0.298,percent,2026-09-19T13:55:00Z
ef3c234c-ff1d-597e-96c7-61cdecdb7568,DEPENDENCY,60000000-0000-4000-8000-000000000002,db.connection_utilization,47.27,percent,2026-09-19T13:55:00Z
c2f011be-b415-5e89-bdaf-f47b1a44d5bf,DEPENDENCY,60000000-0000-4000-8000-000000000002,db.query_p95_latency,28.13,ms,2026-09-19T13:55:00Z
e90b189e-974f-5a2e-8db8-eb8f55211419,DEPENDENCY,60000000-0000-4000-8000-000000000002,db.error_rate,0.079,percent,2026-09-19T13:55:00Z
2088a95e-739c-59b1-8273-d362af1ce618,SERVICE,30000000-0000-4000-8000-000000000002,http.requests.rate,106.942,requests/min,2026-09-19T13:56:00Z
3b72ace9-aca2-5902-8270-54f37efc531d,SERVICE,30000000-0000-4000-8000-000000000002,http.error_rate,0.775,percent,2026-09-19T13:56:00Z
7763c220-002c-5150-94e8-6d3e6b446875,SERVICE,30000000-0000-4000-8000-000000000002,http.p95_latency,191.942,ms,2026-09-19T13:56:00Z
60525cec-1179-5adf-92de-366a90b68047,DEPENDENCY,60000000-0000-4000-8000-000000000001,authorization.p95_latency,239.695,ms,2026-09-19T13:56:00Z
23988e70-fb89-5736-875c-2332d74a587e,DEPENDENCY,60000000-0000-4000-8000-000000000001,authorization.timeout_rate,0.159,percent,2026-09-19T13:56:00Z
25a90b04-d9cb-5d9f-b18a-62d24326c974,DEPENDENCY,60000000-0000-4000-8000-000000000002,db.connection_utilization,49.976,percent,2026-09-19T13:56:00Z
c5aabbfc-7757-57bc-92a5-bcc5d0e11db0,DEPENDENCY,60000000-0000-4000-8000-000000000002,db.query_p95_latency,23.925,ms,2026-09-19T13:56:00Z
1f64fae5-95b3-55cb-af0d-24585fa774d0,DEPENDENCY,60000000-0000-4000-8000-000000000002,db.error_rate,0.083,percent,2026-09-19T13:56:00Z
e19e5cbc-cd75-5c42-b4b4-665ab54780be,SERVICE,30000000-0000-4000-8000-000000000002,http.requests.rate,108.094,requests/min,2026-09-19T13:57:00Z
d1efe448-7ce4-5bc4-83f2-4d57e4720867,SERVICE,30000000-0000-4000-8000-000000000002,http.error_rate,0.833,percent,2026-09-19T13:57:00Z
c613b12a-894a-59a6-b9fb-397a1ffef337,SERVICE,30000000-0000-4000-8000-000000000002,http.p95_latency,166.837,ms,2026-09-19T13:57:00Z
b4678b5b-a8f4-598f-94cd-13d81d10aa63,DEPENDENCY,60000000-0000-4000-8000-000000000001,authorization.p95_latency,262.066,ms,2026-09-19T13:57:00Z
00554b25-6992-5ce1-8b24-96d41942bdcb,DEPENDENCY,60000000-0000-4000-8000-000000000001,authorization.timeout_rate,0.245,percent,2026-09-19T13:57:00Z
fe301028-b2ce-5928-b634-e44f2a6d852f,DEPENDENCY,60000000-0000-4000-8000-000000000002,db.connection_utilization,49.182,percent,2026-09-19T13:57:00Z
2d4235e3-9fb9-589c-b5e3-bf3219d1b8e7,DEPENDENCY,60000000-0000-4000-8000-000000000002,db.query_p95_latency,24.71,ms,2026-09-19T13:57:00Z
77fa226c-09ae-5538-892c-5f00e3a6ff4b,DEPENDENCY,60000000-0000-4000-8000-000000000002,db.error_rate,0.095,percent,2026-09-19T13:57:00Z
a859ae36-99e9-54f7-80b9-1f99a8c29a72,SERVICE,30000000-0000-4000-8000-000000000002,http.requests.rate,110.465,requests/min,2026-09-19T13:58:00Z
51e7e5ed-ae6a-5bf1-a369-9a234bd70ed6,SERVICE,30000000-0000-4000-8000-000000000002,http.error_rate,0.856,percent,2026-09-19T13:58:00Z
f6704a5b-93a8-512e-8462-710fb44bba4d,SERVICE,30000000-0000-4000-8000-000000000002,http.p95_latency,192.258,ms,2026-09-19T13:58:00Z
7de3b848-06db-536b-82ec-a4ab6ba1c6f5,DEPENDENCY,60000000-0000-4000-8000-000000000001,authorization.p95_latency,206.931,ms,2026-09-19T13:58:00Z
fce9d5f8-e191-5ee6-8c8a-8ee620d301a3,DEPENDENCY,60000000-0000-4000-8000-000000000001,authorization.timeout_rate,0.158,percent,2026-09-19T13:58:00Z
fbadf226-32cc-5a0e-ae4e-ff37dad1aad9,DEPENDENCY,60000000-0000-4000-8000-000000000002,db.connection_utilization,47.159,percent,2026-09-19T13:58:00Z
c45cbf53-3fb2-562d-ba12-dadf90463bc5,DEPENDENCY,60000000-0000-4000-8000-000000000002,db.query_p95_latency,24.864,ms,2026-09-19T13:58:00Z
e5e6ae3c-0037-578e-82ad-3738d823e799,DEPENDENCY,60000000-0000-4000-8000-000000000002,db.error_rate,0.082,percent,2026-09-19T13:58:00Z
cfe548a3-27f8-5a45-8daa-f14156ea709e,SERVICE,30000000-0000-4000-8000-000000000002,http.requests.rate,117.357,requests/min,2026-09-19T13:59:00Z
8ec4ccb5-7c86-537d-ae42-38faf271503a,SERVICE,30000000-0000-4000-8000-000000000002,http.error_rate,3.591,percent,2026-09-19T13:59:00Z
adbabd7e-a18e-52da-9bc2-67bb909bd7fc,SERVICE,30000000-0000-4000-8000-000000000002,http.p95_latency,433.356,ms,2026-09-19T13:59:00Z
f73f42a0-6b90-5ac4-9998-6c0054354cd2,DEPENDENCY,60000000-0000-4000-8000-000000000001,authorization.p95_latency,930.732,ms,2026-09-19T13:59:00Z
0af214b8-a19d-5e81-8ecf-1ea81186f59d,DEPENDENCY,60000000-0000-4000-8000-000000000001,authorization.timeout_rate,2.676,percent,2026-09-19T13:59:00Z
b2391ef6-aa32-5971-ad1c-6fc5763e3f76,DEPENDENCY,60000000-0000-4000-8000-000000000002,db.connection_utilization,47.127,percent,2026-09-19T13:59:00Z
c6e94a9b-588e-55a2-a996-c22a34effc86,DEPENDENCY,60000000-0000-4000-8000-000000000002,db.query_p95_latency,22.403,ms,2026-09-19T13:59:00Z
c3727afd-95a1-5251-baaf-a2530c760302,DEPENDENCY,60000000-0000-4000-8000-000000000002,db.error_rate,0.112,percent,2026-09-19T13:59:00Z
52ab77b2-e6a7-56cb-8585-fe7ed0049c81,SERVICE,30000000-0000-4000-8000-000000000002,http.requests.rate,116.929,requests/min,2026-09-19T14:00:00Z
8a1a42de-b3a8-5d02-8559-f5b2d597ab48,SERVICE,30000000-0000-4000-8000-000000000002,http.error_rate,6.503,percent,2026-09-19T14:00:00Z
9c708c44-186b-578f-b2ec-25eb2eec9eab,SERVICE,30000000-0000-4000-8000-000000000002,http.p95_latency,743.628,ms,2026-09-19T14:00:00Z
e63713b0-41e5-5fb9-9716-bbbb1fd5d1b3,DEPENDENCY,60000000-0000-4000-8000-000000000001,authorization.p95_latency,1692.451,ms,2026-09-19T14:00:00Z
366d121a-3ea9-54dc-a4be-87630122eaa2,DEPENDENCY,60000000-0000-4000-8000-000000000001,authorization.timeout_rate,5.082,percent,2026-09-19T14:00:00Z
07221bce-6413-51c6-9b49-6bb9af70c53b,DEPENDENCY,60000000-0000-4000-8000-000000000002,db.connection_utilization,48.03,percent,2026-09-19T14:00:00Z
69b398c2-c577-5a50-b3d6-44a434c80e10,DEPENDENCY,60000000-0000-4000-8000-000000000002,db.query_p95_latency,20.888,ms,2026-09-19T14:00:00Z
b3e44deb-3a3f-5430-845c-49a955143e40,DEPENDENCY,60000000-0000-4000-8000-000000000002,db.error_rate,0.045,percent,2026-09-19T14:00:00Z
7c3c71ff-b6aa-55ec-ac72-07b4b211a3b7,SERVICE,30000000-0000-4000-8000-000000000002,http.requests.rate,120.473,requests/min,2026-09-19T14:01:00Z
6e0c76df-2a8c-59ca-8f44-297ded03740f,SERVICE,30000000-0000-4000-8000-000000000002,http.error_rate,9.368,percent,2026-09-19T14:01:00Z
e689f6c3-a28a-5597-9729-2231016034fb,SERVICE,30000000-0000-4000-8000-000000000002,http.p95_latency,1026.681,ms,2026-09-19T14:01:00Z
6e10ed06-5f6d-595c-b8d3-9ee5f8919306,DEPENDENCY,60000000-0000-4000-8000-000000000001,authorization.p95_latency,2360.519,ms,2026-09-19T14:01:00Z
9a93e8fe-9c20-5cec-8a8a-6e5d83c62787,DEPENDENCY,60000000-0000-4000-8000-000000000001,authorization.timeout_rate,7.728,percent,2026-09-19T14:01:00Z
118aed8e-7931-5fc6-8367-bbfa9ea362ab,DEPENDENCY,60000000-0000-4000-8000-000000000002,db.connection_utilization,47.559,percent,2026-09-19T14:01:00Z
5ec9ebf9-2670-5483-8233-e79813614080,DEPENDENCY,60000000-0000-4000-8000-000000000002,db.query_p95_latency,24.596,ms,2026-09-19T14:01:00Z
dae35658-c913-576b-ba76-f19506cbea51,DEPENDENCY,60000000-0000-4000-8000-000000000002,db.error_rate,0.111,percent,2026-09-19T14:01:00Z
800b13c6-28f5-59c0-8e3d-b964d3a749d7,SERVICE,30000000-0000-4000-8000-000000000002,http.requests.rate,120.461,requests/min,2026-09-19T14:02:00Z
93120ee3-c49d-59b5-8bda-348f05383cf0,SERVICE,30000000-0000-4000-8000-000000000002,http.error_rate,12.131,percent,2026-09-19T14:02:00Z
348cb5c7-ee00-5cb3-a2ea-533cd2e81bc0,SERVICE,30000000-0000-4000-8000-000000000002,http.p95_latency,1282.326,ms,2026-09-19T14:02:00Z
f14b1af5-5f98-5998-b65a-d85581fab54c,DEPENDENCY,60000000-0000-4000-8000-000000000001,authorization.p95_latency,3127.757,ms,2026-09-19T14:02:00Z
d2dd8081-26d2-5018-a487-2342e06015a5,DEPENDENCY,60000000-0000-4000-8000-000000000001,authorization.timeout_rate,10.278,percent,2026-09-19T14:02:00Z
3467d8c5-836e-5d68-a9ac-971299ed3621,DEPENDENCY,60000000-0000-4000-8000-000000000002,db.connection_utilization,45.281,percent,2026-09-19T14:02:00Z
79f1d9fc-26a6-5006-be45-ad98c711bfe6,DEPENDENCY,60000000-0000-4000-8000-000000000002,db.query_p95_latency,24.95,ms,2026-09-19T14:02:00Z
1cee6ffc-ee86-5a38-b10b-cc2b42a8a895,DEPENDENCY,60000000-0000-4000-8000-000000000002,db.error_rate,0.053,percent,2026-09-19T14:02:00Z
d8eafb51-ec32-5901-8831-5aa415bb9efa,SERVICE,30000000-0000-4000-8000-000000000002,http.requests.rate,118.673,requests/min,2026-09-19T14:03:00Z
0f472fd7-b2df-5f3e-b662-7ffc5e8e3b82,SERVICE,30000000-0000-4000-8000-000000000002,http.error_rate,14.939,percent,2026-09-19T14:03:00Z
75f7496b-8810-5656-ab4d-d67e64562409,SERVICE,30000000-0000-4000-8000-000000000002,http.p95_latency,1574.54,ms,2026-09-19T14:03:00Z
7fb5907f-eeb8-597f-ae2b-095303325091,DEPENDENCY,60000000-0000-4000-8000-000000000001,authorization.p95_latency,3818.845,ms,2026-09-19T14:03:00Z
45ee183e-34ac-5d68-88b9-f2dddafffcf6,DEPENDENCY,60000000-0000-4000-8000-000000000001,authorization.timeout_rate,12.697,percent,2026-09-19T14:03:00Z
ed7bdb4f-221b-5195-b802-2be0f3ffec37,DEPENDENCY,60000000-0000-4000-8000-000000000002,db.connection_utilization,47.024,percent,2026-09-19T14:03:00Z
a4a3b536-cc87-50f4-b7f5-707544ea1201,DEPENDENCY,60000000-0000-4000-8000-000000000002,db.query_p95_latency,21.195,ms,2026-09-19T14:03:00Z
66bca7af-c269-509b-9397-efbcf46f3831,DEPENDENCY,60000000-0000-4000-8000-000000000002,db.error_rate,0.061,percent,2026-09-19T14:03:00Z
db69875d-8cb5-5b6f-84f9-62cba5b1923c,SERVICE,30000000-0000-4000-8000-000000000002,http.requests.rate,119.469,requests/min,2026-09-19T14:04:00Z
b777fde3-cf89-5e64-acc0-2435cec0bad0,SERVICE,30000000-0000-4000-8000-000000000002,http.error_rate,17.735,percent,2026-09-19T14:04:00Z
dd60bdd0-eb27-592a-9e04-10287c653728,SERVICE,30000000-0000-4000-8000-000000000002,http.p95_latency,1835.892,ms,2026-09-19T14:04:00Z
778c7aaf-ec1d-5240-be09-29c220568fb2,DEPENDENCY,60000000-0000-4000-8000-000000000001,authorization.p95_latency,4553.351,ms,2026-09-19T14:04:00Z
441bf7de-dddd-5036-9195-5b578488a145,DEPENDENCY,60000000-0000-4000-8000-000000000001,authorization.timeout_rate,15.313,percent,2026-09-19T14:04:00Z
0d1f21d3-86fa-520e-b985-2a7670778246,DEPENDENCY,60000000-0000-4000-8000-000000000002,db.connection_utilization,47.799,percent,2026-09-19T14:04:00Z
63d1f184-99ce-58ec-a333-b8763b933358,DEPENDENCY,60000000-0000-4000-8000-000000000002,db.query_p95_latency,23.559,ms,2026-09-19T14:04:00Z
f873763a-27a8-5dcb-bcdd-737b77a10dd7,DEPENDENCY,60000000-0000-4000-8000-000000000002,db.error_rate,0.112,percent,2026-09-19T14:04:00Z
7c9d461f-64a7-5082-ae1f-1c161acb79a8,SERVICE,30000000-0000-4000-8000-000000000002,http.requests.rate,124.949,requests/min,2026-09-19T14:05:00Z
98deaeaf-1f79-542d-b8eb-c8e36b6bb327,SERVICE,30000000-0000-4000-8000-000000000002,http.error_rate,17.788,percent,2026-09-19T14:05:00Z
5adc02da-f62b-55ca-a5f2-780c9c445442,SERVICE,30000000-0000-4000-8000-000000000002,http.p95_latency,1856.621,ms,2026-09-19T14:05:00Z
41e2c70d-2128-591c-8cec-176a8bdb53cf,DEPENDENCY,60000000-0000-4000-8000-000000000001,authorization.p95_latency,4521.838,ms,2026-09-19T14:05:00Z
1b12fe55-de2b-5054-9039-c2d60449a676,DEPENDENCY,60000000-0000-4000-8000-000000000001,authorization.timeout_rate,15.212,percent,2026-09-19T14:05:00Z
dd486c24-aad8-505b-b222-96173cc06520,DEPENDENCY,60000000-0000-4000-8000-000000000002,db.connection_utilization,46.234,percent,2026-09-19T14:05:00Z
87c7a25d-a2f2-5708-bd2a-4885302e7a79,DEPENDENCY,60000000-0000-4000-8000-000000000002,db.query_p95_latency,21.29,ms,2026-09-19T14:05:00Z
41d6867a-1e14-5c85-805c-a5f18322bf52,DEPENDENCY,60000000-0000-4000-8000-000000000002,db.error_rate,0.12,percent,2026-09-19T14:05:00Z
5d2949f1-2f68-58d8-83ad-383ce886c6a8,SERVICE,30000000-0000-4000-8000-000000000002,http.requests.rate,127.905,requests/min,2026-09-19T14:06:00Z
13d340dd-585a-58ff-bd0e-dda1eea2edbf,SERVICE,30000000-0000-4000-8000-000000000002,http.error_rate,17.874,percent,2026-09-19T14:06:00Z
24e0e479-bd2a-55c6-b091-b7c295aca099,SERVICE,30000000-0000-4000-8000-000000000002,http.p95_latency,1835.233,ms,2026-09-19T14:06:00Z
2c47102d-a53c-57f5-9408-a3166a9440b6,DEPENDENCY,60000000-0000-4000-8000-000000000001,authorization.p95_latency,4556.102,ms,2026-09-19T14:06:00Z
949f6245-e96d-505c-a287-e665d25f23d5,DEPENDENCY,60000000-0000-4000-8000-000000000001,authorization.timeout_rate,15.18,percent,2026-09-19T14:06:00Z
4da44e12-fe21-575a-8723-4964626151d9,DEPENDENCY,60000000-0000-4000-8000-000000000002,db.connection_utilization,47.632,percent,2026-09-19T14:06:00Z
0040e31d-9ee6-5ef0-b1e0-247a17fdbedc,DEPENDENCY,60000000-0000-4000-8000-000000000002,db.query_p95_latency,19.583,ms,2026-09-19T14:06:00Z
13e7b27a-501f-51a2-ac7d-ca6af849aa69,DEPENDENCY,60000000-0000-4000-8000-000000000002,db.error_rate,0.061,percent,2026-09-19T14:06:00Z
d5bfd122-6919-5fb8-8661-eebff726ca81,SERVICE,30000000-0000-4000-8000-000000000002,http.requests.rate,121.324,requests/min,2026-09-19T14:07:00Z
91236f64-17f5-5499-86d4-5bf29fbfd732,SERVICE,30000000-0000-4000-8000-000000000002,http.error_rate,17.725,percent,2026-09-19T14:07:00Z
1ab7d6aa-5afe-5739-9310-a5627ac38e27,SERVICE,30000000-0000-4000-8000-000000000002,http.p95_latency,1841.39,ms,2026-09-19T14:07:00Z
d42f7ff9-d4f4-5f16-9312-331cd4740577,DEPENDENCY,60000000-0000-4000-8000-000000000001,authorization.p95_latency,4509.388,ms,2026-09-19T14:07:00Z
435c507b-7018-5847-9e44-72756a503060,DEPENDENCY,60000000-0000-4000-8000-000000000001,authorization.timeout_rate,15.227,percent,2026-09-19T14:07:00Z
68fa9465-27c5-5286-acd2-f72e59ee7c0d,DEPENDENCY,60000000-0000-4000-8000-000000000002,db.connection_utilization,45.435,percent,2026-09-19T14:07:00Z
be775a84-acf4-5722-81b1-1ca5e5d4303d,DEPENDENCY,60000000-0000-4000-8000-000000000002,db.query_p95_latency,22.646,ms,2026-09-19T14:07:00Z
a4205397-2231-514b-af24-976c146e93f4,DEPENDENCY,60000000-0000-4000-8000-000000000002,db.error_rate,0.061,percent,2026-09-19T14:07:00Z
01fd84c0-59ba-5ea6-8992-a1d33470d5b6,SERVICE,30000000-0000-4000-8000-000000000002,http.requests.rate,121.976,requests/min,2026-09-19T14:08:00Z
ba7fd016-3a54-51bb-bced-b0f1ede715f1,SERVICE,30000000-0000-4000-8000-000000000002,http.error_rate,17.887,percent,2026-09-19T14:08:00Z
47cb05b8-2982-5c20-a65e-8bf9f108507f,SERVICE,30000000-0000-4000-8000-000000000002,http.p95_latency,1863.637,ms,2026-09-19T14:08:00Z
ca18515d-e83a-5173-a8e1-eb2fa12e9aa0,DEPENDENCY,60000000-0000-4000-8000-000000000001,authorization.p95_latency,4531.543,ms,2026-09-19T14:08:00Z
316fe77d-ab55-58be-9050-87a2657c0cfe,DEPENDENCY,60000000-0000-4000-8000-000000000001,authorization.timeout_rate,15.194,percent,2026-09-19T14:08:00Z
9dcdcdcd-f105-5a2b-a01b-4a5a76031494,DEPENDENCY,60000000-0000-4000-8000-000000000002,db.connection_utilization,45.604,percent,2026-09-19T14:08:00Z
c14bba34-dbbf-51da-8c4d-79c96253e2e2,DEPENDENCY,60000000-0000-4000-8000-000000000002,db.query_p95_latency,20.418,ms,2026-09-19T14:08:00Z
bd491215-2dc8-5615-94f5-06c756f6c445,DEPENDENCY,60000000-0000-4000-8000-000000000002,db.error_rate,0.113,percent,2026-09-19T14:08:00Z
4c7888ca-fe81-5d2f-9434-d2ec87606d53,SERVICE,30000000-0000-4000-8000-000000000002,http.requests.rate,128.793,requests/min,2026-09-19T14:09:00Z
06715a80-61b0-5100-8320-7926c94495cb,SERVICE,30000000-0000-4000-8000-000000000002,http.error_rate,17.851,percent,2026-09-19T14:09:00Z
d15dd88b-595f-5b95-932e-17a49965a4c3,SERVICE,30000000-0000-4000-8000-000000000002,http.p95_latency,1810.71,ms,2026-09-19T14:09:00Z
a51d9e90-083e-5f04-a6c5-6d18d3a58eb0,DEPENDENCY,60000000-0000-4000-8000-000000000001,authorization.p95_latency,4524.932,ms,2026-09-19T14:09:00Z
43bba317-4128-50d1-b45a-7ca58b06c478,DEPENDENCY,60000000-0000-4000-8000-000000000001,authorization.timeout_rate,15.317,percent,2026-09-19T14:09:00Z
54e32a72-ec6d-5503-a592-e29e53bc7a8a,DEPENDENCY,60000000-0000-4000-8000-000000000002,db.connection_utilization,46.797,percent,2026-09-19T14:09:00Z
94da6d93-e2b5-5ffe-a5a5-2933fa981bbf,DEPENDENCY,60000000-0000-4000-8000-000000000002,db.query_p95_latency,17.204,ms,2026-09-19T14:09:00Z
bfef08a0-d93f-5cf7-a2db-54b63c105870,DEPENDENCY,60000000-0000-4000-8000-000000000002,db.error_rate,0.079,percent,2026-09-19T14:09:00Z
0d43dc53-1a6f-5fa5-8700-930aaf087411,SERVICE,30000000-0000-4000-8000-000000000002,http.requests.rate,126.176,requests/min,2026-09-19T14:10:00Z
b9d511e2-5b6a-54dc-b0c8-c0ea74e82eb1,SERVICE,30000000-0000-4000-8000-000000000002,http.error_rate,17.829,percent,2026-09-19T14:10:00Z
8a195fa2-4f28-552b-8319-4a1c9b961093,SERVICE,30000000-0000-4000-8000-000000000002,http.p95_latency,1810.438,ms,2026-09-19T14:10:00Z
1d42a167-acb8-5256-a5d7-97e56b4ae07e,DEPENDENCY,60000000-0000-4000-8000-000000000001,authorization.p95_latency,4532.998,ms,2026-09-19T14:10:00Z
040f13be-7ff3-5e71-86f4-dda4f19d9dfd,DEPENDENCY,60000000-0000-4000-8000-000000000001,authorization.timeout_rate,15.117,percent,2026-09-19T14:10:00Z
1fd49d49-afeb-58eb-b40d-49c924db0fa3,DEPENDENCY,60000000-0000-4000-8000-000000000002,db.connection_utilization,48.699,percent,2026-09-19T14:10:00Z
b9d70022-9c62-5c6b-8e36-1e03f72c6374,DEPENDENCY,60000000-0000-4000-8000-000000000002,db.query_p95_latency,19.896,ms,2026-09-19T14:10:00Z
9452721e-3eed-5e49-8cd0-e1a9327ddf63,DEPENDENCY,60000000-0000-4000-8000-000000000002,db.error_rate,0.051,percent,2026-09-19T14:10:00Z
20205a43-1c3a-5f92-9c3d-e5b82571275d,SERVICE,30000000-0000-4000-8000-000000000002,http.requests.rate,126.624,requests/min,2026-09-19T14:11:00Z
2b046682-a0b0-5e55-ba49-5cf298c2214f,SERVICE,30000000-0000-4000-8000-000000000002,http.error_rate,17.777,percent,2026-09-19T14:11:00Z
925e80a7-42ee-5599-997a-e44886ff96f6,SERVICE,30000000-0000-4000-8000-000000000002,http.p95_latency,1859.529,ms,2026-09-19T14:11:00Z
3c22a372-671c-5fe8-8035-647f0e73e2c4,DEPENDENCY,60000000-0000-4000-8000-000000000001,authorization.p95_latency,4521.716,ms,2026-09-19T14:11:00Z
fc75df2f-ae0c-51dc-a02a-49576b9d9ee4,DEPENDENCY,60000000-0000-4000-8000-000000000001,authorization.timeout_rate,15.119,percent,2026-09-19T14:11:00Z
8c7dd3a7-5c2c-5604-a17a-aa4e149c7131,DEPENDENCY,60000000-0000-4000-8000-000000000002,db.connection_utilization,49.869,percent,2026-09-19T14:11:00Z
e49d8682-b0d0-578a-b557-1f682c297259,DEPENDENCY,60000000-0000-4000-8000-000000000002,db.query_p95_latency,19.409,ms,2026-09-19T14:11:00Z
b5cfdfe9-93a4-5177-a136-15884ec9b60a,DEPENDENCY,60000000-0000-4000-8000-000000000002,db.error_rate,0.116,percent,2026-09-19T14:11:00Z
d32476d1-bb7b-5a90-a465-835fab10649c,SERVICE,30000000-0000-4000-8000-000000000002,http.requests.rate,123.47,requests/min,2026-09-19T14:12:00Z
3adf8934-6590-5054-b964-d6697a7230c8,SERVICE,30000000-0000-4000-8000-000000000002,http.error_rate,17.836,percent,2026-09-19T14:12:00Z
f2ff7ea9-4937-565a-ba22-79dbcfa9a6b3,SERVICE,30000000-0000-4000-8000-000000000002,http.p95_latency,1825.569,ms,2026-09-19T14:12:00Z
5253a8d8-8a08-583e-b15e-c936f3d765a0,DEPENDENCY,60000000-0000-4000-8000-000000000001,authorization.p95_latency,4507.969,ms,2026-09-19T14:12:00Z
62470b3b-8706-580f-a40a-525f6f970884,DEPENDENCY,60000000-0000-4000-8000-000000000001,authorization.timeout_rate,15.172,percent,2026-09-19T14:12:00Z
d621615c-2540-5c17-aa1d-309977905c9c,DEPENDENCY,60000000-0000-4000-8000-000000000002,db.connection_utilization,48.833,percent,2026-09-19T14:12:00Z
0f4e91af-a2fb-5bed-aaa5-1877d234d508,DEPENDENCY,60000000-0000-4000-8000-000000000002,db.query_p95_latency,19.873,ms,2026-09-19T14:12:00Z
5a84f4fa-7185-58da-a4f6-dae256ccca75,DEPENDENCY,60000000-0000-4000-8000-000000000002,db.error_rate,0.066,percent,2026-09-19T14:12:00Z
5a081a8c-d1e3-5083-b13e-fa66ce019358,SERVICE,30000000-0000-4000-8000-000000000002,http.requests.rate,125.414,requests/min,2026-09-19T14:13:00Z
3cbe2e1d-fff2-595a-8247-2c5dc5076646,SERVICE,30000000-0000-4000-8000-000000000002,http.error_rate,17.743,percent,2026-09-19T14:13:00Z
70c1d0d8-42f8-5b5b-8ea5-0f12914f90bf,SERVICE,30000000-0000-4000-8000-000000000002,http.p95_latency,1852.796,ms,2026-09-19T14:13:00Z
93c08165-ed9b-564c-ad41-7f2aae13a3c2,DEPENDENCY,60000000-0000-4000-8000-000000000001,authorization.p95_latency,4513.433,ms,2026-09-19T14:13:00Z
dd7908c0-eb64-5c65-b1f0-84299abe81d0,DEPENDENCY,60000000-0000-4000-8000-000000000001,authorization.timeout_rate,15.058,percent,2026-09-19T14:13:00Z
bd2bde6a-3b92-5b17-b38d-894abe88dde8,DEPENDENCY,60000000-0000-4000-8000-000000000002,db.connection_utilization,50.572,percent,2026-09-19T14:13:00Z
9ecea28c-0b02-5670-8e9c-396ec159876f,DEPENDENCY,60000000-0000-4000-8000-000000000002,db.query_p95_latency,19.385,ms,2026-09-19T14:13:00Z
ddf588dc-bd3e-5aa8-8ff3-fc032ba3d20a,DEPENDENCY,60000000-0000-4000-8000-000000000002,db.error_rate,0.09,percent,2026-09-19T14:13:00Z
c8da8b2f-1441-5f6f-9fc9-eca885f55d5c,SERVICE,30000000-0000-4000-8000-000000000002,http.requests.rate,121.564,requests/min,2026-09-19T14:14:00Z
9adb4e92-82e2-5194-91cd-d37b9f458004,SERVICE,30000000-0000-4000-8000-000000000002,http.error_rate,17.874,percent,2026-09-19T14:14:00Z
e3e0fe88-3aca-5149-a104-ab161b8b2c3f,SERVICE,30000000-0000-4000-8000-000000000002,http.p95_latency,1857.229,ms,2026-09-19T14:14:00Z
609aa8ab-b78d-5cff-ae94-ff5e4ac0ffe5,DEPENDENCY,60000000-0000-4000-8000-000000000001,authorization.p95_latency,4501.87,ms,2026-09-19T14:14:00Z
47e4bc06-398c-5620-9fed-b00ef7fec469,DEPENDENCY,60000000-0000-4000-8000-000000000001,authorization.timeout_rate,15.085,percent,2026-09-19T14:14:00Z
f91eb21c-2f45-5619-9a70-8b9e2e7cc103,DEPENDENCY,60000000-0000-4000-8000-000000000002,db.connection_utilization,50.321,percent,2026-09-19T14:14:00Z
876a31ed-5e0f-5107-b579-a68500e17250,DEPENDENCY,60000000-0000-4000-8000-000000000002,db.query_p95_latency,16.091,ms,2026-09-19T14:14:00Z
3ce6bbf8-3186-5a27-94e0-e97356ccd06c,DEPENDENCY,60000000-0000-4000-8000-000000000002,db.error_rate,0.113,percent,2026-09-19T14:14:00Z
9430a5d8-4237-592c-a7fa-5cd9014bbadc,SERVICE,30000000-0000-4000-8000-000000000002,http.requests.rate,124.618,requests/min,2026-09-19T14:15:00Z
5e4f556c-3b97-553a-aa80-83c9a4557bf7,SERVICE,30000000-0000-4000-8000-000000000002,http.error_rate,17.844,percent,2026-09-19T14:15:00Z
f004fb1e-2e08-5487-b64d-b253bf417674,SERVICE,30000000-0000-4000-8000-000000000002,http.p95_latency,1836.147,ms,2026-09-19T14:15:00Z
6f9bdcb4-261f-5b26-aac4-03ff359aa66d,DEPENDENCY,60000000-0000-4000-8000-000000000001,authorization.p95_latency,4499.123,ms,2026-09-19T14:15:00Z
13a24809-5964-5e66-9eb7-85d58386ffdc,DEPENDENCY,60000000-0000-4000-8000-000000000001,authorization.timeout_rate,15.236,percent,2026-09-19T14:15:00Z
9a638514-0567-5b3b-8eb3-4390bf1d1edb,DEPENDENCY,60000000-0000-4000-8000-000000000002,db.connection_utilization,51.649,percent,2026-09-19T14:15:00Z
cf52000b-5a69-51e9-ab14-28b60cfa9f68,DEPENDENCY,60000000-0000-4000-8000-000000000002,db.query_p95_latency,16.213,ms,2026-09-19T14:15:00Z
220a62fa-eb9c-5c58-9da3-e9a18abc77cb,DEPENDENCY,60000000-0000-4000-8000-000000000002,db.error_rate,0.05,percent,2026-09-19T14:15:00Z
de835b53-d8f6-51d2-9b26-931eaf80af1f,SERVICE,30000000-0000-4000-8000-000000000002,http.requests.rate,115.878,requests/min,2026-09-19T14:16:00Z
54a2affc-8131-5ddf-a44c-8835384f3d72,SERVICE,30000000-0000-4000-8000-000000000002,http.error_rate,17.839,percent,2026-09-19T14:16:00Z
80167160-fd95-5c5c-96ce-deae0101e6b6,SERVICE,30000000-0000-4000-8000-000000000002,http.p95_latency,1815.202,ms,2026-09-19T14:16:00Z
fff8bfbb-eb9a-5b13-bb2e-0b0825be8fae,DEPENDENCY,60000000-0000-4000-8000-000000000001,authorization.p95_latency,4482.77,ms,2026-09-19T14:16:00Z
010a261a-317d-5b98-b576-17814118e979,DEPENDENCY,60000000-0000-4000-8000-000000000001,authorization.timeout_rate,15.209,percent,2026-09-19T14:16:00Z
40bfa7f8-e9fd-5976-843e-22f5442c8606,DEPENDENCY,60000000-0000-4000-8000-000000000002,db.connection_utilization,51.403,percent,2026-09-19T14:16:00Z
b50f3712-aabd-505d-9c90-0f289b8efad0,DEPENDENCY,60000000-0000-4000-8000-000000000002,db.query_p95_latency,20.201,ms,2026-09-19T14:16:00Z
be58a7a1-1998-5788-b32b-7d21aaf9dc3c,DEPENDENCY,60000000-0000-4000-8000-000000000002,db.error_rate,0.049,percent,2026-09-19T14:16:00Z
12674ce2-ce94-5e81-aa39-b786260c9e8d,SERVICE,30000000-0000-4000-8000-000000000002,http.requests.rate,118.335,requests/min,2026-09-19T14:17:00Z
66839c3e-9611-58df-92e7-f90232bff281,SERVICE,30000000-0000-4000-8000-000000000002,http.error_rate,17.779,percent,2026-09-19T14:17:00Z
4d48dded-296b-5242-8fac-373f9564e9b2,SERVICE,30000000-0000-4000-8000-000000000002,http.p95_latency,1811.227,ms,2026-09-19T14:17:00Z
d08c3972-19c0-5112-8679-d0b40c93213c,DEPENDENCY,60000000-0000-4000-8000-000000000001,authorization.p95_latency,4480.793,ms,2026-09-19T14:17:00Z
e3f9eb2e-92d0-544a-adac-7057a5e7b243,DEPENDENCY,60000000-0000-4000-8000-000000000001,authorization.timeout_rate,15.164,percent,2026-09-19T14:17:00Z
0e4dd4fa-4143-5f54-af22-a030cd3b5268,DEPENDENCY,60000000-0000-4000-8000-000000000002,db.connection_utilization,54.783,percent,2026-09-19T14:17:00Z
be912c18-eac4-5866-a5bb-6f1ffaa2c93f,DEPENDENCY,60000000-0000-4000-8000-000000000002,db.query_p95_latency,17.149,ms,2026-09-19T14:17:00Z
6db998c4-1134-5f16-8c90-c8782e658c4d,DEPENDENCY,60000000-0000-4000-8000-000000000002,db.error_rate,0.082,percent,2026-09-19T14:17:00Z
4792af88-40fc-52c2-9ddf-9ddd57792ac4,SERVICE,30000000-0000-4000-8000-000000000002,http.requests.rate,115.565,requests/min,2026-09-19T14:18:00Z
9672035f-6f08-510b-9bbe-031b4265af57,SERVICE,30000000-0000-4000-8000-000000000002,http.error_rate,17.848,percent,2026-09-19T14:18:00Z
33b57881-d965-521c-bf96-1d926dcdf6c9,SERVICE,30000000-0000-4000-8000-000000000002,http.p95_latency,1829.795,ms,2026-09-19T14:18:00Z
7391a4c9-fa27-53e1-bd65-1f916ac371a6,DEPENDENCY,60000000-0000-4000-8000-000000000001,authorization.p95_latency,4479.925,ms,2026-09-19T14:18:00Z
b3067d30-7486-5eae-a589-3a9fd6e96387,DEPENDENCY,60000000-0000-4000-8000-000000000001,authorization.timeout_rate,15.336,percent,2026-09-19T14:18:00Z
0db6e368-d685-507c-8338-aab827740f9a,DEPENDENCY,60000000-0000-4000-8000-000000000002,db.connection_utilization,52.419,percent,2026-09-19T14:18:00Z
c8fd220b-68d0-5587-a382-818c163a69b6,DEPENDENCY,60000000-0000-4000-8000-000000000002,db.query_p95_latency,20.821,ms,2026-09-19T14:18:00Z
cdf4764d-d5b7-51ba-a4c3-d217797be437,DEPENDENCY,60000000-0000-4000-8000-000000000002,db.error_rate,0.096,percent,2026-09-19T14:18:00Z
96eb8d6a-766f-5e98-ac7c-91575b7de6d2,SERVICE,30000000-0000-4000-8000-000000000002,http.requests.rate,113.556,requests/min,2026-09-19T14:19:00Z
74f2bc3b-cec4-5fe9-94bc-d0336e164901,SERVICE,30000000-0000-4000-8000-000000000002,http.error_rate,17.78,percent,2026-09-19T14:19:00Z
a76a3e53-462a-5763-bd66-43fff9ed52d7,SERVICE,30000000-0000-4000-8000-000000000002,http.p95_latency,1825.734,ms,2026-09-19T14:19:00Z
03567c1a-9afe-56ae-8ca2-d85fa479606a,DEPENDENCY,60000000-0000-4000-8000-000000000001,authorization.p95_latency,4548.019,ms,2026-09-19T14:19:00Z
152799fb-37d8-54c9-b1a9-b9590284ebc5,DEPENDENCY,60000000-0000-4000-8000-000000000001,authorization.timeout_rate,15.075,percent,2026-09-19T14:19:00Z
933bd323-8211-5cb9-990d-bab865ade55a,DEPENDENCY,60000000-0000-4000-8000-000000000002,db.connection_utilization,56.165,percent,2026-09-19T14:19:00Z
ab3cab6b-e52d-5dd0-ab7d-d48a9c11b140,DEPENDENCY,60000000-0000-4000-8000-000000000002,db.query_p95_latency,20.586,ms,2026-09-19T14:19:00Z
c209d8e5-3559-5f06-9a4d-431e5ff94b37,DEPENDENCY,60000000-0000-4000-8000-000000000002,db.error_rate,0.079,percent,2026-09-19T14:19:00Z
147f2d16-a775-58fa-b2e1-15c7735f272f,SERVICE,30000000-0000-4000-8000-000000000002,http.requests.rate,116.453,requests/min,2026-09-19T14:20:00Z
e0172e71-1bb3-5eb8-b7ef-bb3ca2a9cab2,SERVICE,30000000-0000-4000-8000-000000000002,http.error_rate,17.751,percent,2026-09-19T14:20:00Z
f894ded3-d9c3-5c09-aa02-67ebd8faeb39,SERVICE,30000000-0000-4000-8000-000000000002,http.p95_latency,1850.81,ms,2026-09-19T14:20:00Z
f43f02de-8806-5f76-9196-59c5aeeb9e95,DEPENDENCY,60000000-0000-4000-8000-000000000001,authorization.p95_latency,4530.966,ms,2026-09-19T14:20:00Z
9f87d16f-c857-5c71-b85d-e45055147e75,DEPENDENCY,60000000-0000-4000-8000-000000000001,authorization.timeout_rate,15.052,percent,2026-09-19T14:20:00Z
9ecfcc1c-ab54-535d-a389-4d9bccea4f44,DEPENDENCY,60000000-0000-4000-8000-000000000002,db.connection_utilization,55.784,percent,2026-09-19T14:20:00Z
a3686c75-a537-59e8-aa4a-9c7a86151adc,DEPENDENCY,60000000-0000-4000-8000-000000000002,db.query_p95_latency,21.602,ms,2026-09-19T14:20:00Z
a5307053-ca61-57de-9668-c20724a03d79,DEPENDENCY,60000000-0000-4000-8000-000000000002,db.error_rate,0.118,percent,2026-09-19T14:20:00Z
b8858a1c-5070-57c4-9265-764e2b8f9b45,SERVICE,30000000-0000-4000-8000-000000000002,http.requests.rate,115.527,requests/min,2026-09-19T14:21:00Z
7fd8d95e-70dd-50dc-84c5-1ec63f218291,SERVICE,30000000-0000-4000-8000-000000000002,http.error_rate,17.774,percent,2026-09-19T14:21:00Z
ca5acd2a-f4ae-5b5f-bbba-5998377f667d,SERVICE,30000000-0000-4000-8000-000000000002,http.p95_latency,1820.044,ms,2026-09-19T14:21:00Z
a17050b7-9e36-5945-b2b0-828d3a46cb26,DEPENDENCY,60000000-0000-4000-8000-000000000001,authorization.p95_latency,4505.051,ms,2026-09-19T14:21:00Z
7b4cb325-41c3-5611-9e5e-e5a3939e8013,DEPENDENCY,60000000-0000-4000-8000-000000000001,authorization.timeout_rate,15.151,percent,2026-09-19T14:21:00Z
f0d0710a-80b1-5b2c-aa5c-87e8a48e95b0,DEPENDENCY,60000000-0000-4000-8000-000000000002,db.connection_utilization,53.826,percent,2026-09-19T14:21:00Z
1fb09dc1-d8e1-58b1-b319-aff596fcff42,DEPENDENCY,60000000-0000-4000-8000-000000000002,db.query_p95_latency,19.266,ms,2026-09-19T14:21:00Z
e8f19500-8bd0-5e41-a610-c28d7909ab62,DEPENDENCY,60000000-0000-4000-8000-000000000002,db.error_rate,0.049,percent,2026-09-19T14:21:00Z
bd442b89-6406-5d0d-88bb-78cc9ca69676,SERVICE,30000000-0000-4000-8000-000000000002,http.requests.rate,112.369,requests/min,2026-09-19T14:22:00Z
4588687a-b368-52b5-b942-c0ac79054281,SERVICE,30000000-0000-4000-8000-000000000002,http.error_rate,17.719,percent,2026-09-19T14:22:00Z
a8d7aa77-25c6-5b5f-830c-dd0b65ea2de1,SERVICE,30000000-0000-4000-8000-000000000002,http.p95_latency,1808.665,ms,2026-09-19T14:22:00Z
de72a5fa-b1b2-5884-a4d7-12502d6e9bcd,DEPENDENCY,60000000-0000-4000-8000-000000000001,authorization.p95_latency,4550.394,ms,2026-09-19T14:22:00Z
d0bfbeb0-4761-5c5b-8262-5880729a53c8,DEPENDENCY,60000000-0000-4000-8000-000000000001,authorization.timeout_rate,15.251,percent,2026-09-19T14:22:00Z
da3dc785-c0f7-5e6e-8743-46ef72a78fc1,DEPENDENCY,60000000-0000-4000-8000-000000000002,db.connection_utilization,56.077,percent,2026-09-19T14:22:00Z
e2020778-df76-5355-bde5-e7a8945c4ba3,DEPENDENCY,60000000-0000-4000-8000-000000000002,db.query_p95_latency,23.954,ms,2026-09-19T14:22:00Z
76280668-67f9-51c7-a074-311db94a7c95,DEPENDENCY,60000000-0000-4000-8000-000000000002,db.error_rate,0.091,percent,2026-09-19T14:22:00Z
88876c1e-5866-54a6-b44d-edbcb67cdbb5,SERVICE,30000000-0000-4000-8000-000000000002,http.requests.rate,110.525,requests/min,2026-09-19T14:23:00Z
8e57845f-3229-5463-b8d0-cce85f84dbfd,SERVICE,30000000-0000-4000-8000-000000000002,http.error_rate,17.735,percent,2026-09-19T14:23:00Z
48365472-0955-5d0f-a1df-3c7984956c59,SERVICE,30000000-0000-4000-8000-000000000002,http.p95_latency,1841.468,ms,2026-09-19T14:23:00Z
7a724f8a-8eb3-5ac3-9eb2-1a4ee90ff3aa,DEPENDENCY,60000000-0000-4000-8000-000000000001,authorization.p95_latency,4510.409,ms,2026-09-19T14:23:00Z
206d1c2e-4b06-57a1-8ea8-35f0238f230a,DEPENDENCY,60000000-0000-4000-8000-000000000001,authorization.timeout_rate,15.335,percent,2026-09-19T14:23:00Z
fe4f5f40-9fd0-50f5-b085-5b575748226a,DEPENDENCY,60000000-0000-4000-8000-000000000002,db.connection_utilization,56.359,percent,2026-09-19T14:23:00Z
69efa2d6-481e-5256-b2b6-255373aba3d4,DEPENDENCY,60000000-0000-4000-8000-000000000002,db.query_p95_latency,25.062,ms,2026-09-19T14:23:00Z
54ce0cbc-8a3d-5dbc-9624-c938d34bb1cc,DEPENDENCY,60000000-0000-4000-8000-000000000002,db.error_rate,0.073,percent,2026-09-19T14:23:00Z
ca5974c6-6348-5532-8584-7a94a25accce,SERVICE,30000000-0000-4000-8000-000000000002,http.requests.rate,110.231,requests/min,2026-09-19T14:24:00Z
2e61ceeb-b178-5125-bd77-274d59742ded,SERVICE,30000000-0000-4000-8000-000000000002,http.error_rate,17.888,percent,2026-09-19T14:24:00Z
36888c70-39ad-5309-83f9-ee6e01d29f1d,SERVICE,30000000-0000-4000-8000-000000000002,http.p95_latency,1828.236,ms,2026-09-19T14:24:00Z
cc8931e1-ea29-525b-b772-84048c35ce06,DEPENDENCY,60000000-0000-4000-8000-000000000001,authorization.p95_latency,4549.512,ms,2026-09-19T14:24:00Z
d81e61a7-2f6b-58da-92aa-ebd75970d910,DEPENDENCY,60000000-0000-4000-8000-000000000001,authorization.timeout_rate,15.111,percent,2026-09-19T14:24:00Z
216c2c0a-ccc4-5d0b-bf8a-17d00d45f6d3,DEPENDENCY,60000000-0000-4000-8000-000000000002,db.connection_utilization,54.587,percent,2026-09-19T14:24:00Z
75f63b45-7537-5c10-b4fc-7ebacabc3f06,DEPENDENCY,60000000-0000-4000-8000-000000000002,db.query_p95_latency,21.803,ms,2026-09-19T14:24:00Z
5ebf72b9-d113-5e8c-aa3b-1b758a222b4d,DEPENDENCY,60000000-0000-4000-8000-000000000002,db.error_rate,0.049,percent,2026-09-19T14:24:00Z
71736a39-aa0a-5ff2-9a84-43efdd8441b6,SERVICE,30000000-0000-4000-8000-000000000002,http.requests.rate,111.29,requests/min,2026-09-19T14:25:00Z
ee023fa9-888f-554a-ad95-5f7ea06e4acd,SERVICE,30000000-0000-4000-8000-000000000002,http.error_rate,17.739,percent,2026-09-19T14:25:00Z
ee6e74e1-6117-57f4-8d74-e80fb9d47f34,SERVICE,30000000-0000-4000-8000-000000000002,http.p95_latency,1830.292,ms,2026-09-19T14:25:00Z
233d896f-6237-5e5d-959f-0b2b336ef294,DEPENDENCY,60000000-0000-4000-8000-000000000001,authorization.p95_latency,4479.056,ms,2026-09-19T14:25:00Z
ad398316-fb8e-5d8a-8bef-01079ad28794,DEPENDENCY,60000000-0000-4000-8000-000000000001,authorization.timeout_rate,15.285,percent,2026-09-19T14:25:00Z
dc11238d-1e50-5519-a024-91eb597fe213,DEPENDENCY,60000000-0000-4000-8000-000000000002,db.connection_utilization,54.238,percent,2026-09-19T14:25:00Z
beac666a-29b3-5205-a523-39eb15d27a83,DEPENDENCY,60000000-0000-4000-8000-000000000002,db.query_p95_latency,21.797,ms,2026-09-19T14:25:00Z
1aacee9f-2d52-5a10-8657-b0eae3b2fe7e,DEPENDENCY,60000000-0000-4000-8000-000000000002,db.error_rate,0.118,percent,2026-09-19T14:25:00Z
f6e08b87-e36e-5428-8361-e17bfee0bcfb,SERVICE,30000000-0000-4000-8000-000000000002,http.requests.rate,106.204,requests/min,2026-09-19T14:26:00Z
6f7e94d3-61ce-5923-86b9-f16cad49c2cd,SERVICE,30000000-0000-4000-8000-000000000002,http.error_rate,17.749,percent,2026-09-19T14:26:00Z
3b614035-72e4-514d-90ef-65b89f8d7764,SERVICE,30000000-0000-4000-8000-000000000002,http.p95_latency,1842.949,ms,2026-09-19T14:26:00Z
4d76f536-62f4-5fa4-9017-a99fed465879,DEPENDENCY,60000000-0000-4000-8000-000000000001,authorization.p95_latency,4499.928,ms,2026-09-19T14:26:00Z
42661b46-bf42-5da3-b5c5-0a8855b2baab,DEPENDENCY,60000000-0000-4000-8000-000000000001,authorization.timeout_rate,15.056,percent,2026-09-19T14:26:00Z
020ff161-8ac3-5b87-b395-b23bd114df4b,DEPENDENCY,60000000-0000-4000-8000-000000000002,db.connection_utilization,56.629,percent,2026-09-19T14:26:00Z
e7f22e69-d97f-55e4-b48f-85bc9af6ea7c,DEPENDENCY,60000000-0000-4000-8000-000000000002,db.query_p95_latency,20.766,ms,2026-09-19T14:26:00Z
ebba2e71-9a6b-5fee-a9c8-ceb9c4028664,DEPENDENCY,60000000-0000-4000-8000-000000000002,db.error_rate,0.116,percent,2026-09-19T14:26:00Z
15e71b9e-8c7c-558a-afc4-3e7e6a0f4bbe,SERVICE,30000000-0000-4000-8000-000000000002,http.requests.rate,108.321,requests/min,2026-09-19T14:27:00Z
bfe4e8fc-8755-5521-bae8-2b8e3d29dd73,SERVICE,30000000-0000-4000-8000-000000000002,http.error_rate,17.714,percent,2026-09-19T14:27:00Z
33d72985-c0d5-58e3-9937-e7e1857d6a27,SERVICE,30000000-0000-4000-8000-000000000002,http.p95_latency,1811.27,ms,2026-09-19T14:27:00Z
fd1e7f0e-7a35-50ab-91e0-3ae917f6290e,DEPENDENCY,60000000-0000-4000-8000-000000000001,authorization.p95_latency,4544.391,ms,2026-09-19T14:27:00Z
ef78be80-3d33-5599-aceb-8d83aa19eaed,DEPENDENCY,60000000-0000-4000-8000-000000000001,authorization.timeout_rate,15.225,percent,2026-09-19T14:27:00Z
bcf9d2d8-6c76-5b21-b9ca-59c8015408de,DEPENDENCY,60000000-0000-4000-8000-000000000002,db.connection_utilization,55.975,percent,2026-09-19T14:27:00Z
c2beff0a-21a4-5284-8ce0-eb5823bc833b,DEPENDENCY,60000000-0000-4000-8000-000000000002,db.query_p95_latency,21.549,ms,2026-09-19T14:27:00Z
5929dd09-6211-5d97-98c8-f5b0c0220f0d,DEPENDENCY,60000000-0000-4000-8000-000000000002,db.error_rate,0.092,percent,2026-09-19T14:27:00Z
69428e7e-43a5-573c-a821-d8e896bae967,SERVICE,30000000-0000-4000-8000-000000000002,http.requests.rate,113.793,requests/min,2026-09-19T14:28:00Z
2542e536-7b07-5d28-969a-698a378d0472,SERVICE,30000000-0000-4000-8000-000000000002,http.error_rate,17.817,percent,2026-09-19T14:28:00Z
10f8e3c7-c093-5127-9234-4fcb38c65cb3,SERVICE,30000000-0000-4000-8000-000000000002,http.p95_latency,1844.096,ms,2026-09-19T14:28:00Z
3ec65692-a2ce-51e8-9f4c-bdb2cbd44b68,DEPENDENCY,60000000-0000-4000-8000-000000000001,authorization.p95_latency,4532.337,ms,2026-09-19T14:28:00Z
da66c080-afb4-542c-91af-aff211d39dc1,DEPENDENCY,60000000-0000-4000-8000-000000000001,authorization.timeout_rate,15.116,percent,2026-09-19T14:28:00Z
44aa7e63-3f9f-53ee-9995-a710bb772115,DEPENDENCY,60000000-0000-4000-8000-000000000002,db.connection_utilization,54.746,percent,2026-09-19T14:28:00Z
196ff5d0-47b9-5c23-a43b-4f01a422d2ff,DEPENDENCY,60000000-0000-4000-8000-000000000002,db.query_p95_latency,27.583,ms,2026-09-19T14:28:00Z
e31cc022-d6c8-59c5-85eb-dc8ce7a23e01,DEPENDENCY,60000000-0000-4000-8000-000000000002,db.error_rate,0.072,percent,2026-09-19T14:28:00Z
a37046a2-f9d9-5554-87a5-13549b161025,SERVICE,30000000-0000-4000-8000-000000000002,http.requests.rate,114.449,requests/min,2026-09-19T14:29:00Z
3cf158a7-08d3-5e01-b74f-58d13e58fbe9,SERVICE,30000000-0000-4000-8000-000000000002,http.error_rate,17.751,percent,2026-09-19T14:29:00Z
75fd70a7-5570-5da3-9c64-3f3cae05d62a,SERVICE,30000000-0000-4000-8000-000000000002,http.p95_latency,1830.9,ms,2026-09-19T14:29:00Z
10bf6420-ceb4-5039-80bf-a9634e1e8c61,DEPENDENCY,60000000-0000-4000-8000-000000000001,authorization.p95_latency,4546.501,ms,2026-09-19T14:29:00Z
e859a6b4-45c1-518f-acc5-5e83700cff99,DEPENDENCY,60000000-0000-4000-8000-000000000001,authorization.timeout_rate,15.29,percent,2026-09-19T14:29:00Z
117ff369-8712-5c93-9b00-3f19fe4fe37f,DEPENDENCY,60000000-0000-4000-8000-000000000002,db.connection_utilization,56.024,percent,2026-09-19T14:29:00Z
10c196a8-ce15-56cd-b868-746275dd2590,DEPENDENCY,60000000-0000-4000-8000-000000000002,db.query_p95_latency,23.811,ms,2026-09-19T14:29:00Z
6b141865-4327-56b2-a20d-0af4add4efc6,DEPENDENCY,60000000-0000-4000-8000-000000000002,db.error_rate,0.079,percent,2026-09-19T14:29:00Z
26564014-6960-5aeb-aa45-46610a696e7e,SERVICE,30000000-0000-4000-8000-000000000002,http.requests.rate,112.418,requests/min,2026-09-19T14:30:00Z
568b15f6-5c05-5990-97b8-243f7f057a9b,SERVICE,30000000-0000-4000-8000-000000000002,http.error_rate,17.89,percent,2026-09-19T14:30:00Z
13afc4db-4c83-54b8-82ed-58295288536d,SERVICE,30000000-0000-4000-8000-000000000002,http.p95_latency,1857.093,ms,2026-09-19T14:30:00Z
74ce01f3-9233-58a7-9d4b-d006fe31f29f,DEPENDENCY,60000000-0000-4000-8000-000000000001,authorization.p95_latency,4533.522,ms,2026-09-19T14:30:00Z
dc291691-82a1-56f9-89b3-1a30ceddaa67,DEPENDENCY,60000000-0000-4000-8000-000000000001,authorization.timeout_rate,15.221,percent,2026-09-19T14:30:00Z
d8c4fcc7-df35-53ab-a62f-eff38b63bd50,DEPENDENCY,60000000-0000-4000-8000-000000000002,db.connection_utilization,54.616,percent,2026-09-19T14:30:00Z
7005bac6-55b6-5de9-bb83-02c8ee58b6f4,DEPENDENCY,60000000-0000-4000-8000-000000000002,db.query_p95_latency,24.464,ms,2026-09-19T14:30:00Z
26c0cd57-4b8a-575f-93eb-3d55c2f1111b,DEPENDENCY,60000000-0000-4000-8000-000000000002,db.error_rate,0.102,percent,2026-09-19T14:30:00Z
bf760410-aac4-5349-bf6c-cd46b8a49a9d,SERVICE,30000000-0000-4000-8000-000000000002,http.requests.rate,116.665,requests/min,2026-09-19T14:31:00Z
4ef07082-1cdf-596f-81eb-d07660c12f22,SERVICE,30000000-0000-4000-8000-000000000002,http.error_rate,17.864,percent,2026-09-19T14:31:00Z
2ef9f74c-abc2-58f8-91d2-63b8908e24b6,SERVICE,30000000-0000-4000-8000-000000000002,http.p95_latency,1816.15,ms,2026-09-19T14:31:00Z
701fb276-5b0d-5382-9354-ec41431a15cc,DEPENDENCY,60000000-0000-4000-8000-000000000001,authorization.p95_latency,4548.465,ms,2026-09-19T14:31:00Z
7c5bc551-7340-5016-b9ce-a7778256f947,DEPENDENCY,60000000-0000-4000-8000-000000000001,authorization.timeout_rate,15.211,percent,2026-09-19T14:31:00Z
2cd34978-8468-5426-bd74-3bab798b468e,DEPENDENCY,60000000-0000-4000-8000-000000000002,db.connection_utilization,53.421,percent,2026-09-19T14:31:00Z
0eaee0c6-7602-5a0c-ac65-6656687bc7af,DEPENDENCY,60000000-0000-4000-8000-000000000002,db.query_p95_latency,26.96,ms,2026-09-19T14:31:00Z
62f30ccf-f342-56cf-b10d-e5298a92aa5e,DEPENDENCY,60000000-0000-4000-8000-000000000002,db.error_rate,0.09,percent,2026-09-19T14:31:00Z
e3b9c86f-da04-54b8-9315-de29efc71976,SERVICE,30000000-0000-4000-8000-000000000002,http.requests.rate,113.646,requests/min,2026-09-19T14:32:00Z
fba934dc-d91f-53c4-b72f-55a376929d5a,SERVICE,30000000-0000-4000-8000-000000000002,http.error_rate,17.751,percent,2026-09-19T14:32:00Z
7453b0d2-e24e-58f5-96ac-b84736c07a28,SERVICE,30000000-0000-4000-8000-000000000002,http.p95_latency,1832.538,ms,2026-09-19T14:32:00Z
4d72be6d-884e-5d52-b652-c39f416c720f,DEPENDENCY,60000000-0000-4000-8000-000000000001,authorization.p95_latency,4503.175,ms,2026-09-19T14:32:00Z
72dcf98c-caf0-5bc9-b55b-fb98ddc84822,DEPENDENCY,60000000-0000-4000-8000-000000000001,authorization.timeout_rate,15.156,percent,2026-09-19T14:32:00Z
869f3099-7888-5eef-a1bf-38fdc4f97c86,DEPENDENCY,60000000-0000-4000-8000-000000000002,db.connection_utilization,53.724,percent,2026-09-19T14:32:00Z
697dc9f4-4fa2-564a-aa32-66c39101883c,DEPENDENCY,60000000-0000-4000-8000-000000000002,db.query_p95_latency,29.743,ms,2026-09-19T14:32:00Z
41aa67f2-61f9-53f7-9e1f-d818f81e8c2a,DEPENDENCY,60000000-0000-4000-8000-000000000002,db.error_rate,0.068,percent,2026-09-19T14:32:00Z
cf119fc6-1934-56e3-bd81-c68656eb847f,SERVICE,30000000-0000-4000-8000-000000000002,http.requests.rate,119.24,requests/min,2026-09-19T14:33:00Z
1be6f9b6-bf36-522f-8a7f-3f8d014dab89,SERVICE,30000000-0000-4000-8000-000000000002,http.error_rate,17.828,percent,2026-09-19T14:33:00Z
7ce4cd3a-23ff-5fc3-8265-eaa18eb80899,SERVICE,30000000-0000-4000-8000-000000000002,http.p95_latency,1815.494,ms,2026-09-19T14:33:00Z
eac26bb4-42d3-5398-8c7a-7bde28de74ca,DEPENDENCY,60000000-0000-4000-8000-000000000001,authorization.p95_latency,4522.563,ms,2026-09-19T14:33:00Z
730cd0de-e063-5f34-87c3-f5cb3ec1322a,DEPENDENCY,60000000-0000-4000-8000-000000000001,authorization.timeout_rate,15.075,percent,2026-09-19T14:33:00Z
61b73b80-94bf-5272-93a6-bdd29c112019,DEPENDENCY,60000000-0000-4000-8000-000000000002,db.connection_utilization,52.737,percent,2026-09-19T14:33:00Z
8e006571-43da-5b84-a8a9-b5f222f597e3,DEPENDENCY,60000000-0000-4000-8000-000000000002,db.query_p95_latency,25.936,ms,2026-09-19T14:33:00Z
3dad8c91-5599-52c9-8fef-e7fc19efb3ef,DEPENDENCY,60000000-0000-4000-8000-000000000002,db.error_rate,0.049,percent,2026-09-19T14:33:00Z
c5b3cb13-ea6f-50d4-b794-b158931f7875,SERVICE,30000000-0000-4000-8000-000000000002,http.requests.rate,116.003,requests/min,2026-09-19T14:34:00Z
51bb75b4-377d-51a1-a3c6-b6a020467a28,SERVICE,30000000-0000-4000-8000-000000000002,http.error_rate,17.86,percent,2026-09-19T14:34:00Z
4be5dc76-2ab0-5615-974a-2acb03d98860,SERVICE,30000000-0000-4000-8000-000000000002,http.p95_latency,1863.092,ms,2026-09-19T14:34:00Z
0c9a1a55-5dd6-570e-9a1f-785ab1f2c223,DEPENDENCY,60000000-0000-4000-8000-000000000001,authorization.p95_latency,4500.239,ms,2026-09-19T14:34:00Z
b977626f-955f-58d1-b2d3-81447c31588f,DEPENDENCY,60000000-0000-4000-8000-000000000001,authorization.timeout_rate,15.114,percent,2026-09-19T14:34:00Z
fc195ae1-87a5-53a8-a778-01a64addeb9b,DEPENDENCY,60000000-0000-4000-8000-000000000002,db.connection_utilization,53.491,percent,2026-09-19T14:34:00Z
c7a73324-4dc5-5c50-8260-bd07cd0ebe98,DEPENDENCY,60000000-0000-4000-8000-000000000002,db.query_p95_latency,25.024,ms,2026-09-19T14:34:00Z
1d77f48d-2341-57b2-ae06-4f4cd4559c21,DEPENDENCY,60000000-0000-4000-8000-000000000002,db.error_rate,0.048,percent,2026-09-19T14:34:00Z
272bf4a1-5697-5889-b713-3572d75da944,SERVICE,30000000-0000-4000-8000-000000000002,http.requests.rate,120.825,requests/min,2026-09-19T14:35:00Z
1f21d0a7-3fac-5dbb-8da2-27e441ae6081,SERVICE,30000000-0000-4000-8000-000000000002,http.error_rate,15.011,percent,2026-09-19T14:35:00Z
039b327e-d358-5842-85e9-996a90e91e03,SERVICE,30000000-0000-4000-8000-000000000002,http.p95_latency,1534.054,ms,2026-09-19T14:35:00Z
b7a48e98-d7ba-5d0c-bc20-7949bad25a90,DEPENDENCY,60000000-0000-4000-8000-000000000001,authorization.p95_latency,3790.466,ms,2026-09-19T14:35:00Z
eb07d270-6b79-5729-b33c-d285efd2e99f,DEPENDENCY,60000000-0000-4000-8000-000000000001,authorization.timeout_rate,12.716,percent,2026-09-19T14:35:00Z
22d03809-2de0-5888-8eb9-2bb05e7c8739,DEPENDENCY,60000000-0000-4000-8000-000000000002,db.connection_utilization,51.836,percent,2026-09-19T14:35:00Z
ad09b51c-9ddd-5704-9b6c-2086729605a0,DEPENDENCY,60000000-0000-4000-8000-000000000002,db.query_p95_latency,26.967,ms,2026-09-19T14:35:00Z
7d68b608-ffe5-573a-8587-cd6cb3eb4b06,DEPENDENCY,60000000-0000-4000-8000-000000000002,db.error_rate,0.084,percent,2026-09-19T14:35:00Z
a9140af0-2ab6-5d26-9ad3-5079fe9f274d,SERVICE,30000000-0000-4000-8000-000000000002,http.requests.rate,124.857,requests/min,2026-09-19T14:36:00Z
839618e1-f0d1-5b89-9527-f5fdcd588b2f,SERVICE,30000000-0000-4000-8000-000000000002,http.error_rate,12.216,percent,2026-09-19T14:36:00Z
7aedfdd9-fe37-54b2-8169-1b6b1f754665,SERVICE,30000000-0000-4000-8000-000000000002,http.p95_latency,1262.54,ms,2026-09-19T14:36:00Z
0beafa95-2e27-5b29-b062-e5b244635a23,DEPENDENCY,60000000-0000-4000-8000-000000000001,authorization.p95_latency,3088.515,ms,2026-09-19T14:36:00Z
1ea2dab7-707c-5e26-8d38-4c6707ad9e74,DEPENDENCY,60000000-0000-4000-8000-000000000001,authorization.timeout_rate,10.194,percent,2026-09-19T14:36:00Z
fd208bb8-e739-5c4b-97ff-5018c5ff45da,DEPENDENCY,60000000-0000-4000-8000-000000000002,db.connection_utilization,52.13,percent,2026-09-19T14:36:00Z
3bb9bdd1-4952-5810-9275-39316eb652b3,DEPENDENCY,60000000-0000-4000-8000-000000000002,db.query_p95_latency,30.664,ms,2026-09-19T14:36:00Z
282c67d6-7732-5a40-9e70-bde4ded5d54a,DEPENDENCY,60000000-0000-4000-8000-000000000002,db.error_rate,0.119,percent,2026-09-19T14:36:00Z
c99507ac-3794-5b18-b19c-c6b18a0484ed,SERVICE,30000000-0000-4000-8000-000000000002,http.requests.rate,125.795,requests/min,2026-09-19T14:37:00Z
42fd4a64-f34b-508e-8dc0-0f50800103ce,SERVICE,30000000-0000-4000-8000-000000000002,http.error_rate,9.349,percent,2026-09-19T14:37:00Z
dccce58e-260d-56e8-bc00-c8670112f336,SERVICE,30000000-0000-4000-8000-000000000002,http.p95_latency,1006.105,ms,2026-09-19T14:37:00Z
f19c7747-8925-5b83-ab1e-620f62b3f9fd,DEPENDENCY,60000000-0000-4000-8000-000000000001,authorization.p95_latency,2381.53,ms,2026-09-19T14:37:00Z
309b0ae5-e999-59e7-81c4-05d4bfa76010,DEPENDENCY,60000000-0000-4000-8000-000000000001,authorization.timeout_rate,7.623,percent,2026-09-19T14:37:00Z
2d29535d-2ca3-5366-a132-a8b25ba6fe7f,DEPENDENCY,60000000-0000-4000-8000-000000000002,db.connection_utilization,51.444,percent,2026-09-19T14:37:00Z
7d186433-b371-54bf-8660-ad784fb8e354,DEPENDENCY,60000000-0000-4000-8000-000000000002,db.query_p95_latency,30.455,ms,2026-09-19T14:37:00Z
1d3fdf12-d535-57f6-92a1-a621007ad8e2,DEPENDENCY,60000000-0000-4000-8000-000000000002,db.error_rate,0.042,percent,2026-09-19T14:37:00Z
dfce5d37-83bd-5ed2-9934-2206b5f3ebd8,SERVICE,30000000-0000-4000-8000-000000000002,http.requests.rate,127.65,requests/min,2026-09-19T14:38:00Z
80550d59-e3df-5b86-8c2d-bf1c5805fbe5,SERVICE,30000000-0000-4000-8000-000000000002,http.error_rate,6.406,percent,2026-09-19T14:38:00Z
93136f61-69d8-50b6-9e54-1999bbab9f74,SERVICE,30000000-0000-4000-8000-000000000002,http.p95_latency,752.036,ms,2026-09-19T14:38:00Z
3bfd1090-3f98-5e46-bf62-4c6fc6b517f2,DEPENDENCY,60000000-0000-4000-8000-000000000001,authorization.p95_latency,1668.297,ms,2026-09-19T14:38:00Z
e17b6109-2666-59a4-ba2a-819febf255bc,DEPENDENCY,60000000-0000-4000-8000-000000000001,authorization.timeout_rate,5.236,percent,2026-09-19T14:38:00Z
e3af99ba-43e1-502a-9122-05457e012143,DEPENDENCY,60000000-0000-4000-8000-000000000002,db.connection_utilization,50.22,percent,2026-09-19T14:38:00Z
600b4fef-fcdc-5d69-8eb7-6dbb02408fea,DEPENDENCY,60000000-0000-4000-8000-000000000002,db.query_p95_latency,28.588,ms,2026-09-19T14:38:00Z
68ff65ec-e588-5591-8c19-6c8715b34b07,DEPENDENCY,60000000-0000-4000-8000-000000000002,db.error_rate,0.113,percent,2026-09-19T14:38:00Z
870e6cb5-ee1e-55f2-ac01-75a156dbe7b8,SERVICE,30000000-0000-4000-8000-000000000002,http.requests.rate,126.757,requests/min,2026-09-19T14:39:00Z
8bc8eb4d-7eab-57c7-870c-09669403543e,SERVICE,30000000-0000-4000-8000-000000000002,http.error_rate,3.548,percent,2026-09-19T14:39:00Z
608a5d00-159a-5ce6-878f-cb8362f9c0f2,SERVICE,30000000-0000-4000-8000-000000000002,http.p95_latency,436.413,ms,2026-09-19T14:39:00Z
64550c48-b6e7-5277-a046-b0c98170b710,DEPENDENCY,60000000-0000-4000-8000-000000000001,authorization.p95_latency,929.891,ms,2026-09-19T14:39:00Z
abdcdb8c-3c67-5bef-9c77-21e42b30dfa8,DEPENDENCY,60000000-0000-4000-8000-000000000001,authorization.timeout_rate,2.692,percent,2026-09-19T14:39:00Z
548d0f1b-9094-5425-b38c-e5632d300965,DEPENDENCY,60000000-0000-4000-8000-000000000002,db.connection_utilization,49.62,percent,2026-09-19T14:39:00Z
7ef360d8-b90a-50a5-b6c2-c59aaca869f2,DEPENDENCY,60000000-0000-4000-8000-000000000002,db.query_p95_latency,27.075,ms,2026-09-19T14:39:00Z
cb79f8e1-7e10-5e6a-9477-dac9f62926ea,DEPENDENCY,60000000-0000-4000-8000-000000000002,db.error_rate,0.076,percent,2026-09-19T14:39:00Z
b90062dc-4771-5ced-ab9a-9af18de07ad4,SERVICE,30000000-0000-4000-8000-000000000002,http.requests.rate,129.796,requests/min,2026-09-19T14:40:00Z
a6323482-d325-5374-a1ec-870fa7b96a93,SERVICE,30000000-0000-4000-8000-000000000002,http.error_rate,0.876,percent,2026-09-19T14:40:00Z
b14bd49c-3e3c-5076-8c76-0a229c419faa,SERVICE,30000000-0000-4000-8000-000000000002,http.p95_latency,199.634,ms,2026-09-19T14:40:00Z
c6e3366f-4be7-55a6-ab1e-211b3c636926,DEPENDENCY,60000000-0000-4000-8000-000000000001,authorization.p95_latency,184.956,ms,2026-09-19T14:40:00Z
89311af5-51f9-5e57-9eb2-d7426426d8a3,DEPENDENCY,60000000-0000-4000-8000-000000000001,authorization.timeout_rate,0.1,percent,2026-09-19T14:40:00Z
08c097b0-7fcd-5066-a857-18cf555f85ce,DEPENDENCY,60000000-0000-4000-8000-000000000002,db.connection_utilization,50.251,percent,2026-09-19T14:40:00Z
cebbd40a-0247-5016-846e-3f55de9be999,DEPENDENCY,60000000-0000-4000-8000-000000000002,db.query_p95_latency,30.088,ms,2026-09-19T14:40:00Z
c5c58ed4-5995-567c-a041-a984d988a8ad,DEPENDENCY,60000000-0000-4000-8000-000000000002,db.error_rate,0.114,percent,2026-09-19T14:40:00Z
eb65fe36-f1dd-573f-8ade-1308026757c4,SERVICE,30000000-0000-4000-8000-000000000002,http.requests.rate,122.868,requests/min,2026-09-19T14:41:00Z
ca4475bb-8a03-55c2-93f8-9cf7974a88de,SERVICE,30000000-0000-4000-8000-000000000002,http.error_rate,0.798,percent,2026-09-19T14:41:00Z
00da0717-acb7-5661-a120-26508cb89c35,SERVICE,30000000-0000-4000-8000-000000000002,http.p95_latency,163.292,ms,2026-09-19T14:41:00Z
2246e4ee-a3e9-5bdf-a618-f277bfbe5139,DEPENDENCY,60000000-0000-4000-8000-000000000001,authorization.p95_latency,204.729,ms,2026-09-19T14:41:00Z
0c0dbe70-5a11-5719-ba02-99660864f88d,DEPENDENCY,60000000-0000-4000-8000-000000000001,authorization.timeout_rate,0.258,percent,2026-09-19T14:41:00Z
0e1297f6-0f2a-5466-9b05-ac2046330838,DEPENDENCY,60000000-0000-4000-8000-000000000002,db.connection_utilization,48.149,percent,2026-09-19T14:41:00Z
78b86a93-e23c-5c98-8524-8452ec40535d,DEPENDENCY,60000000-0000-4000-8000-000000000002,db.query_p95_latency,29.997,ms,2026-09-19T14:41:00Z
fa3082fd-7ae1-5c1e-9f95-819807bfe0da,DEPENDENCY,60000000-0000-4000-8000-000000000002,db.error_rate,0.106,percent,2026-09-19T14:41:00Z
518eb63f-ee01-5e4f-9898-74f1828d2816,SERVICE,30000000-0000-4000-8000-000000000002,http.requests.rate,122.719,requests/min,2026-09-19T14:42:00Z
3a785e56-f9d7-5970-b708-83db2947a3ee,SERVICE,30000000-0000-4000-8000-000000000002,http.error_rate,0.837,percent,2026-09-19T14:42:00Z
a6e054ae-237e-556c-bfcf-7071fa83f4d5,SERVICE,30000000-0000-4000-8000-000000000002,http.p95_latency,186.484,ms,2026-09-19T14:42:00Z
866bb529-1f7b-5578-9348-4f2b51c0ef19,DEPENDENCY,60000000-0000-4000-8000-000000000001,authorization.p95_latency,224.785,ms,2026-09-19T14:42:00Z
79a6ef9c-26ca-59e8-bde6-c7f7d4e700a2,DEPENDENCY,60000000-0000-4000-8000-000000000001,authorization.timeout_rate,0.134,percent,2026-09-19T14:42:00Z
9c141149-1b4d-5d51-af3d-2bb8e7aaa91f,DEPENDENCY,60000000-0000-4000-8000-000000000002,db.connection_utilization,45.939,percent,2026-09-19T14:42:00Z
5c917540-6685-5a25-be26-6189f81abf2d,DEPENDENCY,60000000-0000-4000-8000-000000000002,db.query_p95_latency,29.1,ms,2026-09-19T14:42:00Z
b8b5b555-554a-5832-abd7-15a6c66a4d83,DEPENDENCY,60000000-0000-4000-8000-000000000002,db.error_rate,0.067,percent,2026-09-19T14:42:00Z
2424c077-73e5-585b-9d82-3685e6b7d778,SERVICE,30000000-0000-4000-8000-000000000002,http.requests.rate,128.491,requests/min,2026-09-19T14:43:00Z
ebb6e156-946a-500d-9753-424aef1fc104,SERVICE,30000000-0000-4000-8000-000000000002,http.error_rate,0.814,percent,2026-09-19T14:43:00Z
d63985a0-2f2d-5f34-9a27-321f5fef19a9,SERVICE,30000000-0000-4000-8000-000000000002,http.p95_latency,202.319,ms,2026-09-19T14:43:00Z
b08094f7-8937-5bbb-b072-39a5203be290,DEPENDENCY,60000000-0000-4000-8000-000000000001,authorization.p95_latency,224.717,ms,2026-09-19T14:43:00Z
23721b96-d93a-52ee-9685-87109e88ad60,DEPENDENCY,60000000-0000-4000-8000-000000000001,authorization.timeout_rate,0.263,percent,2026-09-19T14:43:00Z
76f0d127-ae67-5fdc-ba1d-c7c5087e0cfc,DEPENDENCY,60000000-0000-4000-8000-000000000002,db.connection_utilization,48.746,percent,2026-09-19T14:43:00Z
e1ecd350-3ca6-5afd-8a71-1af6b01356c7,DEPENDENCY,60000000-0000-4000-8000-000000000002,db.query_p95_latency,26.343,ms,2026-09-19T14:43:00Z
9733276a-0964-50cd-bab2-f8684ab6f875,DEPENDENCY,60000000-0000-4000-8000-000000000002,db.error_rate,0.04,percent,2026-09-19T14:43:00Z
626f95dd-a3cf-594d-a776-caa71614eb9d,SERVICE,30000000-0000-4000-8000-000000000002,http.requests.rate,127.554,requests/min,2026-09-19T14:44:00Z
ccd7c6c5-76b1-5789-ba6c-976776a75094,SERVICE,30000000-0000-4000-8000-000000000002,http.error_rate,0.827,percent,2026-09-19T14:44:00Z
7fe78938-e663-5c0a-9977-7baf744b7d58,SERVICE,30000000-0000-4000-8000-000000000002,http.p95_latency,200.054,ms,2026-09-19T14:44:00Z
6b8d3de1-e476-5fd3-8727-1416e54e33fb,DEPENDENCY,60000000-0000-4000-8000-000000000001,authorization.p95_latency,200.206,ms,2026-09-19T14:44:00Z
c0bedbca-f461-5961-be03-81458e658de7,DEPENDENCY,60000000-0000-4000-8000-000000000001,authorization.timeout_rate,0.121,percent,2026-09-19T14:44:00Z
4734f305-a6ff-5015-8b3e-e1fb60ac51e3,DEPENDENCY,60000000-0000-4000-8000-000000000002,db.connection_utilization,48.038,percent,2026-09-19T14:44:00Z
ad8b4860-9a9e-5116-b92d-eca77f27cdd9,DEPENDENCY,60000000-0000-4000-8000-000000000002,db.query_p95_latency,26.386,ms,2026-09-19T14:44:00Z
32bfcb24-64d3-517d-95ab-e0dc0755cbd7,DEPENDENCY,60000000-0000-4000-8000-000000000002,db.error_rate,0.104,percent,2026-09-19T14:44:00Z
93a5cee0-46b6-5a68-b401-1b480dbccf0a,SERVICE,30000000-0000-4000-8000-000000000002,http.requests.rate,119.745,requests/min,2026-09-19T14:45:00Z
47893617-bb07-5dd4-94be-1dc7830eb68f,SERVICE,30000000-0000-4000-8000-000000000002,http.error_rate,0.749,percent,2026-09-19T14:45:00Z
ede592f2-1aed-5c04-a3b5-cc60e850df41,SERVICE,30000000-0000-4000-8000-000000000002,http.p95_latency,194.775,ms,2026-09-19T14:45:00Z
a455b767-e03b-559c-baad-2fc1e908b6d2,DEPENDENCY,60000000-0000-4000-8000-000000000001,authorization.p95_latency,251.129,ms,2026-09-19T14:45:00Z
d665e073-b055-53ac-9c04-9475e08dce99,DEPENDENCY,60000000-0000-4000-8000-000000000001,authorization.timeout_rate,0.172,percent,2026-09-19T14:45:00Z
c60923d4-0a01-5ed3-adc8-76e6e78d40f2,DEPENDENCY,60000000-0000-4000-8000-000000000002,db.connection_utilization,47.288,percent,2026-09-19T14:45:00Z
e725eb18-20f8-58ed-baf4-25541aad5c63,DEPENDENCY,60000000-0000-4000-8000-000000000002,db.query_p95_latency,28.135,ms,2026-09-19T14:45:00Z
da613d3b-5768-527d-90c0-26dac0df6190,DEPENDENCY,60000000-0000-4000-8000-000000000002,db.error_rate,0.104,percent,2026-09-19T14:45:00Z
