spanId,traceId,parentSpanId,serviceId,operation,peer,startedAt,durationMs,status,errorCode
c6336e00-0953-5257-b362-d2062baca0ac,65f688d0-e8d7-5303-8e84-17a4bd5b614f,,30000000-0000-4000-8000-000000000001,POST /checkout,,2026-09-19T13:30:15Z,452,OK,
ecf5b5b9-6cfa-505b-808d-152b3880e5ba,65f688d0-e8d7-5303-8e84-17a4bd5b614f,c6336e00-0953-5257-b362-d2062baca0ac,30000000-0000-4000-8000-000000000002,POST /payments/authorize,,2026-09-19T13:30:15.035000Z,392,OK,
69c162d1-41e3-53b8-b4f5-2bddc9142f91,65f688d0-e8d7-5303-8e84-17a4bd5b614f,c6336e00-0953-5257-b362-d2062baca0ac,30000000-0000-4000-8000-000000000005,POST /risk/evaluate,,2026-09-19T13:30:15.075000Z,85,OK,
4980b2ca-9e04-5978-abe1-d2c6179f7996,65f688d0-e8d7-5303-8e84-17a4bd5b614f,c6336e00-0953-5257-b362-d2062baca0ac,30000000-0000-4000-8000-000000000002,SELECT payment_state,payments-primary,2026-09-19T13:30:15.180000Z,28,OK,
35de67bd-37f5-5bc2-9821-a211935442df,65f688d0-e8d7-5303-8e84-17a4bd5b614f,c6336e00-0953-5257-b362-d2062baca0ac,30000000-0000-4000-8000-000000000002,POST /v1/authorizations,PayFlow Gateway,2026-09-19T13:30:15.230000Z,220,OK,
abdf11b4-0761-548a-a628-7afadf73a811,cf2388fe-7eb9-5c73-8aab-286ee5cfa7d1,,30000000-0000-4000-8000-000000000001,POST /checkout,,2026-09-19T13:32:15Z,425,OK,
a85bb73a-5ca6-58bc-a7e3-6b41093fb718,cf2388fe-7eb9-5c73-8aab-286ee5cfa7d1,abdf11b4-0761-548a-a628-7afadf73a811,30000000-0000-4000-8000-000000000002,POST /payments/authorize,,2026-09-19T13:32:15.035000Z,365,OK,
14f1b8bc-4d4a-52b5-9055-a5bd4d8cdf0a,cf2388fe-7eb9-5c73-8aab-286ee5cfa7d1,abdf11b4-0761-548a-a628-7afadf73a811,30000000-0000-4000-8000-000000000005,POST /risk/evaluate,,2026-09-19T13:32:15.075000Z,85,OK,
cd583aaa-307b-5d3c-b6f6-c944bfe2b2ae,cf2388fe-7eb9-5c73-8aab-286ee5cfa7d1,abdf11b4-0761-548a-a628-7afadf73a811,30000000-0000-4000-8000-000000000002,SELECT payment_state,payments-primary,2026-09-19T13:32:15.180000Z,28,OK,
457fbcd4-39c0-5c1c-9b6d-3573c1460431,cf2388fe-7eb9-5c73-8aab-286ee5cfa7d1,abdf11b4-0761-548a-a628-7afadf73a811,30000000-0000-4000-8000-000000000002,POST /v1/authorizations,PayFlow Gateway,2026-09-19T13:32:15.230000Z,220,OK,
dc314280-a32e-5cb0-9bc3-a23484d7bbb8,f6055d76-0827-5fc0-ae5b-fd868e723f8d,,30000000-0000-4000-8000-000000000001,POST /checkout,,2026-09-19T13:34:15Z,383,OK,
5ba26af0-2f69-544a-839a-8042d6c9ddb5,f6055d76-0827-5fc0-ae5b-fd868e723f8d,dc314280-a32e-5cb0-9bc3-a23484d7bbb8,30000000-0000-4000-8000-000000000002,POST /payments/authorize,,2026-09-19T13:34:15.035000Z,323,OK,
0f32c051-f9db-5dcc-9a93-6e4b1eae30d9,f6055d76-0827-5fc0-ae5b-fd868e723f8d,dc314280-a32e-5cb0-9bc3-a23484d7bbb8,30000000-0000-4000-8000-000000000005,POST /risk/evaluate,,2026-09-19T13:34:15.075000Z,85,OK,
1751a6d1-62cc-5a5d-9f35-820278d98664,f6055d76-0827-5fc0-ae5b-fd868e723f8d,dc314280-a32e-5cb0-9bc3-a23484d7bbb8,30000000-0000-4000-8000-000000000002,SELECT payment_state,payments-primary,2026-09-19T13:34:15.180000Z,28,OK,
ba5a94fe-9dff-5ad0-9566-849fda10100e,f6055d76-0827-5fc0-ae5b-fd868e723f8d,dc314280-a32e-5cb0-9bc3-a23484d7bbb8,30000000-0000-4000-8000-000000000002,POST /v1/authorizations,PayFlow Gateway,2026-09-19T13:34:15.230000Z,220,OK,
a5c6edc6-fade-5a11-911b-ef298c0c9fa2,4cf6ac59-eae8-5add-8e74-e66c328c830b,,30000000-0000-4000-8000-000000000001,POST /checkout,,2026-09-19T13:36:15Z,443,OK,
33a7c63e-7456-5eac-97bd-123a79597015,4cf6ac59-eae8-5add-8e74-e66c328c830b,a5c6edc6-fade-5a11-911b-ef298c0c9fa2,30000000-0000-4000-8000-000000000002,POST /payments/authorize,,2026-09-19T13:36:15.035000Z,383,OK,
1c795c80-b01f-51ee-b4e1-8f64ff7a96c6,4cf6ac59-eae8-5add-8e74-e66c328c830b,a5c6edc6-fade-5a11-911b-ef298c0c9fa2,30000000-0000-4000-8000-000000000005,POST /risk/evaluate,,2026-09-19T13:36:15.075000Z,85,OK,
e0223762-fd96-51a4-9832-69a80cb52273,4cf6ac59-eae8-5add-8e74-e66c328c830b,a5c6edc6-fade-5a11-911b-ef298c0c9fa2,30000000-0000-4000-8000-000000000002,SELECT payment_state,payments-primary,2026-09-19T13:36:15.180000Z,28,OK,
7fe72b03-79d4-57cf-b56d-fd90d54bd1e3,4cf6ac59-eae8-5add-8e74-e66c328c830b,a5c6edc6-fade-5a11-911b-ef298c0c9fa2,30000000-0000-4000-8000-000000000002,POST /v1/authorizations,PayFlow Gateway,2026-09-19T13:36:15.230000Z,220,OK,
202887f8-2aa8-54c8-bfb7-b6cd2768b008,fcab740e-7d83-512d-aa7e-ca28761f0d12,,30000000-0000-4000-8000-000000000001,POST /checkout,,2026-09-19T13:38:15Z,443,OK,
5540dfe9-a378-5a7e-a33b-d8b3519fe195,fcab740e-7d83-512d-aa7e-ca28761f0d12,202887f8-2aa8-54c8-bfb7-b6cd2768b008,30000000-0000-4000-8000-000000000002,POST /payments/authorize,,2026-09-19T13:38:15.035000Z,383,OK,
e01bd39c-be0f-509d-896f-8993cea51f9c,fcab740e-7d83-512d-aa7e-ca28761f0d12,202887f8-2aa8-54c8-bfb7-b6cd2768b008,30000000-0000-4000-8000-000000000005,POST /risk/evaluate,,2026-09-19T13:38:15.075000Z,85,OK,
bda0b8fd-c5e6-5156-a10b-41bbf664287d,fcab740e-7d83-512d-aa7e-ca28761f0d12,202887f8-2aa8-54c8-bfb7-b6cd2768b008,30000000-0000-4000-8000-000000000002,SELECT payment_state,payments-primary,2026-09-19T13:38:15.180000Z,28,OK,
7068bf85-ec77-5033-90c0-da2aa1f10702,fcab740e-7d83-512d-aa7e-ca28761f0d12,202887f8-2aa8-54c8-bfb7-b6cd2768b008,30000000-0000-4000-8000-000000000002,POST /v1/authorizations,PayFlow Gateway,2026-09-19T13:38:15.230000Z,220,OK,
0a3795f1-f612-55eb-bd7d-8f10121e2ee3,f63f3940-37bd-51df-b433-3e33cf17744b,,30000000-0000-4000-8000-000000000001,POST /checkout,,2026-09-19T13:40:15Z,423,OK,
94b8ccd5-2e0e-5dda-b626-8c78c1d5a554,f63f3940-37bd-51df-b433-3e33cf17744b,0a3795f1-f612-55eb-bd7d-8f10121e2ee3,30000000-0000-4000-8000-000000000002,POST /payments/authorize,,2026-09-19T13:40:15.035000Z,363,OK,
ac145ec3-6385-5126-8a9a-9ab77e2cc814,f63f3940-37bd-51df-b433-3e33cf17744b,0a3795f1-f612-55eb-bd7d-8f10121e2ee3,30000000-0000-4000-8000-000000000005,POST /risk/evaluate,,2026-09-19T13:40:15.075000Z,85,OK,
3b5287fd-487a-5df5-bcdc-ca5b4f2918b7,f63f3940-37bd-51df-b433-3e33cf17744b,0a3795f1-f612-55eb-bd7d-8f10121e2ee3,30000000-0000-4000-8000-000000000002,SELECT payment_state,payments-primary,2026-09-19T13:40:15.180000Z,28,OK,
8cd89d03-e393-5deb-8c25-45c366172810,f63f3940-37bd-51df-b433-3e33cf17744b,0a3795f1-f612-55eb-bd7d-8f10121e2ee3,30000000-0000-4000-8000-000000000002,POST /v1/authorizations,PayFlow Gateway,2026-09-19T13:40:15.230000Z,220,OK,
f846d135-445e-5e55-aa76-f3e7d163f524,648bc7aa-c5f3-59e9-b618-b4285eaa58a1,,30000000-0000-4000-8000-000000000001,POST /checkout,,2026-09-19T13:42:15Z,421,OK,
bf84420d-25f1-5680-97e2-433f0caa30ec,648bc7aa-c5f3-59e9-b618-b4285eaa58a1,f846d135-445e-5e55-aa76-f3e7d163f524,30000000-0000-4000-8000-000000000002,POST /payments/authorize,,2026-09-19T13:42:15.035000Z,361,OK,
394b1fa6-c0be-5e42-bd36-52e2ac2fc368,648bc7aa-c5f3-59e9-b618-b4285eaa58a1,f846d135-445e-5e55-aa76-f3e7d163f524,30000000-0000-4000-8000-000000000005,POST /risk/evaluate,,2026-09-19T13:42:15.075000Z,85,OK,
9777d048-0dde-50b1-aa46-7071bb94ba45,648bc7aa-c5f3-59e9-b618-b4285eaa58a1,f846d135-445e-5e55-aa76-f3e7d163f524,30000000-0000-4000-8000-000000000002,SELECT payment_state,payments-primary,2026-09-19T13:42:15.180000Z,28,OK,
0753b568-de84-558b-9a45-f398cfe47b09,648bc7aa-c5f3-59e9-b618-b4285eaa58a1,f846d135-445e-5e55-aa76-f3e7d163f524,30000000-0000-4000-8000-000000000002,POST /v1/authorizations,PayFlow Gateway,2026-09-19T13:42:15.230000Z,220,OK,
1535efae-7fa1-5b11-9b8e-999b97d7074c,9076fc7a-f00c-5641-bbbd-72b9d02b4b87,,30000000-0000-4000-8000-000000000001,POST /checkout,,2026-09-19T13:44:15Z,456,OK,
4c1ed89b-6891-56c0-a26e-95d1049d07e9,9076fc7a-f00c-5641-bbbd-72b9d02b4b87,1535efae-7fa1-5b11-9b8e-999b97d7074c,30000000-0000-4000-8000-000000000002,POST /payments/authorize,,2026-09-19T13:44:15.035000Z,396,OK,
f46563bf-818d-52af-b400-dcdb1c4b9fa4,9076fc7a-f00c-5641-bbbd-72b9d02b4b87,1535efae-7fa1-5b11-9b8e-999b97d7074c,30000000-0000-4000-8000-000000000005,POST /risk/evaluate,,2026-09-19T13:44:15.075000Z,85,OK,
f1ffabbb-1296-5aaf-97a4-fffaa89958fe,9076fc7a-f00c-5641-bbbd-72b9d02b4b87,1535efae-7fa1-5b11-9b8e-999b97d7074c,30000000-0000-4000-8000-000000000002,SELECT payment_state,payments-primary,2026-09-19T13:44:15.180000Z,28,OK,
e6f748ae-90f0-51fb-bf3b-9ed0e337f5f5,9076fc7a-f00c-5641-bbbd-72b9d02b4b87,1535efae-7fa1-5b11-9b8e-999b97d7074c,30000000-0000-4000-8000-000000000002,POST /v1/authorizations,PayFlow Gateway,2026-09-19T13:44:15.230000Z,220,OK,
3974c2e8-0d36-5989-a3ae-db4861c3709c,020055fb-34b6-5ba1-b3da-db7341da0263,,30000000-0000-4000-8000-000000000001,POST /checkout,,2026-09-19T13:46:15Z,443,OK,
fa2ada24-483b-5138-9320-17627df7fb03,020055fb-34b6-5ba1-b3da-db7341da0263,3974c2e8-0d36-5989-a3ae-db4861c3709c,30000000-0000-4000-8000-000000000002,POST /payments/authorize,,2026-09-19T13:46:15.035000Z,383,OK,
a146c107-d59d-5b3c-af41-d651c726429a,020055fb-34b6-5ba1-b3da-db7341da0263,3974c2e8-0d36-5989-a3ae-db4861c3709c,30000000-0000-4000-8000-000000000005,POST /risk/evaluate,,2026-09-19T13:46:15.075000Z,85,OK,
04d0e676-367b-5d53-bf31-1c639a38f7f8,020055fb-34b6-5ba1-b3da-db7341da0263,3974c2e8-0d36-5989-a3ae-db4861c3709c,30000000-0000-4000-8000-000000000002,SELECT payment_state,payments-primary,2026-09-19T13:46:15.180000Z,28,OK,
54337199-7d3f-5386-9f2e-d6fb9b5889e2,020055fb-34b6-5ba1-b3da-db7341da0263,3974c2e8-0d36-5989-a3ae-db4861c3709c,30000000-0000-4000-8000-000000000002,POST /v1/authorizations,PayFlow Gateway,2026-09-19T13:46:15.230000Z,220,OK,
b65cb6fb-1988-59f4-a567-6b6bdb026791,8b49049e-8c6f-5135-af64-d18a7dd6a6f8,,30000000-0000-4000-8000-000000000001,POST /checkout,,2026-09-19T13:48:15Z,403,OK,
3e6d82cb-7a25-504b-865e-1c40c8079957,8b49049e-8c6f-5135-af64-d18a7dd6a6f8,b65cb6fb-1988-59f4-a567-6b6bdb026791,30000000-0000-4000-8000-000000000002,POST /payments/authorize,,2026-09-19T13:48:15.035000Z,343,OK,
d2c4ace6-2d23-5943-949b-5f988aa06729,8b49049e-8c6f-5135-af64-d18a7dd6a6f8,b65cb6fb-1988-59f4-a567-6b6bdb026791,30000000-0000-4000-8000-000000000005,POST /risk/evaluate,,2026-09-19T13:48:15.075000Z,85,OK,
3b474f4d-ddc6-5ca6-bde7-999c21e7ce78,8b49049e-8c6f-5135-af64-d18a7dd6a6f8,b65cb6fb-1988-59f4-a567-6b6bdb026791,30000000-0000-4000-8000-000000000002,SELECT payment_state,payments-primary,2026-09-19T13:48:15.180000Z,28,OK,
e69e2a23-ab7d-5e13-97a9-073a1dc8fa29,8b49049e-8c6f-5135-af64-d18a7dd6a6f8,b65cb6fb-1988-59f4-a567-6b6bdb026791,30000000-0000-4000-8000-000000000002,POST /v1/authorizations,PayFlow Gateway,2026-09-19T13:48:15.230000Z,220,OK,
7d2a56a5-6d2b-5593-b8ee-161e6ef9b862,b61c6e18-b098-5e51-bd9e-46573bc3f681,,30000000-0000-4000-8000-000000000001,POST /checkout,,2026-09-19T13:50:15Z,456,OK,
23447104-cba7-562c-8b0f-a9e197c2e813,b61c6e18-b098-5e51-bd9e-46573bc3f681,7d2a56a5-6d2b-5593-b8ee-161e6ef9b862,30000000-0000-4000-8000-000000000002,POST /payments/authorize,,2026-09-19T13:50:15.035000Z,396,OK,
c19b25fb-dd86-5e29-adc1-2895679b98df,b61c6e18-b098-5e51-bd9e-46573bc3f681,7d2a56a5-6d2b-5593-b8ee-161e6ef9b862,30000000-0000-4000-8000-000000000005,POST /risk/evaluate,,2026-09-19T13:50:15.075000Z,85,OK,
e9219da8-1ed5-5e25-913c-918973707c54,b61c6e18-b098-5e51-bd9e-46573bc3f681,7d2a56a5-6d2b-5593-b8ee-161e6ef9b862,30000000-0000-4000-8000-000000000002,SELECT payment_state,payments-primary,2026-09-19T13:50:15.180000Z,28,OK,
119c3177-62e8-5eff-af06-c7c1cf8f602f,b61c6e18-b098-5e51-bd9e-46573bc3f681,7d2a56a5-6d2b-5593-b8ee-161e6ef9b862,30000000-0000-4000-8000-000000000002,POST /v1/authorizations,PayFlow Gateway,2026-09-19T13:50:15.230000Z,220,OK,
000be519-39d9-51ea-8742-249b46ab31f9,ac7ace1c-ce7e-56d2-8f41-b54c748560de,,30000000-0000-4000-8000-000000000001,POST /checkout,,2026-09-19T13:52:15Z,466,OK,
6b13af61-2cb0-5401-90b8-f8bc06e136c7,ac7ace1c-ce7e-56d2-8f41-b54c748560de,000be519-39d9-51ea-8742-249b46ab31f9,30000000-0000-4000-8000-000000000002,POST /payments/authorize,,2026-09-19T13:52:15.035000Z,406,OK,
a00ba24e-89aa-5709-80df-6bd7239a5dfd,ac7ace1c-ce7e-56d2-8f41-b54c748560de,000be519-39d9-51ea-8742-249b46ab31f9,30000000-0000-4000-8000-000000000005,POST /risk/evaluate,,2026-09-19T13:52:15.075000Z,85,OK,
665c4b8c-7985-5339-bff0-5d351bbc1269,ac7ace1c-ce7e-56d2-8f41-b54c748560de,000be519-39d9-51ea-8742-249b46ab31f9,30000000-0000-4000-8000-000000000002,SELECT payment_state,payments-primary,2026-09-19T13:52:15.180000Z,28,OK,
f2168df4-a267-5db6-942f-9c367001ddb6,ac7ace1c-ce7e-56d2-8f41-b54c748560de,000be519-39d9-51ea-8742-249b46ab31f9,30000000-0000-4000-8000-000000000002,POST /v1/authorizations,PayFlow Gateway,2026-09-19T13:52:15.230000Z,220,OK,
04b52c70-257e-5530-92b0-eae9501a6cf8,fcb7db60-7268-581d-aa73-f5349bda5522,,30000000-0000-4000-8000-000000000001,POST /checkout,,2026-09-19T13:54:15Z,454,OK,
fdf3d1bc-b894-57c9-b9a3-ce178197ca30,fcb7db60-7268-581d-aa73-f5349bda5522,04b52c70-257e-5530-92b0-eae9501a6cf8,30000000-0000-4000-8000-000000000002,POST /payments/authorize,,2026-09-19T13:54:15.035000Z,394,OK,
1b607d31-d55e-5938-884a-881ac249e0ca,fcb7db60-7268-581d-aa73-f5349bda5522,04b52c70-257e-5530-92b0-eae9501a6cf8,30000000-0000-4000-8000-000000000005,POST /risk/evaluate,,2026-09-19T13:54:15.075000Z,85,OK,
29a95781-cd95-519c-9b14-0699c988cbd2,fcb7db60-7268-581d-aa73-f5349bda5522,04b52c70-257e-5530-92b0-eae9501a6cf8,30000000-0000-4000-8000-000000000002,SELECT payment_state,payments-primary,2026-09-19T13:54:15.180000Z,28,OK,
f01b665f-f227-5543-97c5-cf424fba4093,fcb7db60-7268-581d-aa73-f5349bda5522,04b52c70-257e-5530-92b0-eae9501a6cf8,30000000-0000-4000-8000-000000000002,POST /v1/authorizations,PayFlow Gateway,2026-09-19T13:54:15.230000Z,220,OK,
24a54e56-4395-5366-8669-4c3c65d7852a,594fa7b1-17f7-5f6b-9a20-f41fcb2da83e,,30000000-0000-4000-8000-000000000001,POST /checkout,,2026-09-19T13:56:15Z,451,OK,
2a210fe8-9f98-533a-8b14-58f3166310d1,594fa7b1-17f7-5f6b-9a20-f41fcb2da83e,24a54e56-4395-5366-8669-4c3c65d7852a,30000000-0000-4000-8000-000000000002,POST /payments/authorize,,2026-09-19T13:56:15.035000Z,391,OK,
df04ee0e-ba4e-5458-bd7e-34f6bf062453,594fa7b1-17f7-5f6b-9a20-f41fcb2da83e,24a54e56-4395-5366-8669-4c3c65d7852a,30000000-0000-4000-8000-000000000005,POST /risk/evaluate,,2026-09-19T13:56:15.075000Z,85,OK,
aa44af13-b643-57e8-9e2b-f03072cb0171,594fa7b1-17f7-5f6b-9a20-f41fcb2da83e,24a54e56-4395-5366-8669-4c3c65d7852a,30000000-0000-4000-8000-000000000002,SELECT payment_state,payments-primary,2026-09-19T13:56:15.180000Z,28,OK,
7ab68b68-5378-5bc0-bc4e-50bfd4edd947,594fa7b1-17f7-5f6b-9a20-f41fcb2da83e,24a54e56-4395-5366-8669-4c3c65d7852a,30000000-0000-4000-8000-000000000002,POST /v1/authorizations,PayFlow Gateway,2026-09-19T13:56:15.230000Z,220,OK,
c6e44183-b8ad-5cb5-bba2-3586d966e5b0,d4d3b824-e997-56cc-aec7-d7e0ee6a81d2,,30000000-0000-4000-8000-000000000001,POST /checkout,,2026-09-19T13:58:15Z,1860,OK,
4ca14830-6817-5cf3-b8df-ab5bff1bcebd,d4d3b824-e997-56cc-aec7-d7e0ee6a81d2,c6e44183-b8ad-5cb5-bba2-3586d966e5b0,30000000-0000-4000-8000-000000000002,POST /payments/authorize,,2026-09-19T13:58:15.035000Z,1800,OK,
f4ee424a-a10d-50c5-99b8-419869714d7c,d4d3b824-e997-56cc-aec7-d7e0ee6a81d2,c6e44183-b8ad-5cb5-bba2-3586d966e5b0,30000000-0000-4000-8000-000000000005,POST /risk/evaluate,,2026-09-19T13:58:15.075000Z,85,OK,
89c39742-b2f5-5c43-808a-63bee779c50a,d4d3b824-e997-56cc-aec7-d7e0ee6a81d2,c6e44183-b8ad-5cb5-bba2-3586d966e5b0,30000000-0000-4000-8000-000000000002,SELECT payment_state,payments-primary,2026-09-19T13:58:15.180000Z,28,OK,
506a4303-e873-59d5-bbaf-b59539d20a40,d4d3b824-e997-56cc-aec7-d7e0ee6a81d2,c6e44183-b8ad-5cb5-bba2-3586d966e5b0,30000000-0000-4000-8000-000000000002,POST /v1/authorizations,PayFlow Gateway,2026-09-19T13:58:15.230000Z,1680,OK,
d51f4156-79ed-5cb0-bedd-01d4ab398bc6,50c86cb1-5623-56a9-ae1e-74a4ed9ba980,,30000000-0000-4000-8000-000000000001,POST /checkout,,2026-09-19T14:00:15Z,5200,ERROR,UPSTREAM_TIMEOUT
0047796d-e8ae-5538-b310-5cda49d2ea86,50c86cb1-5623-56a9-ae1e-74a4ed9ba980,d51f4156-79ed-5cb0-bedd-01d4ab398bc6,30000000-0000-4000-8000-000000000002,POST /payments/authorize,,2026-09-19T14:00:15.035000Z,5140,ERROR,UPSTREAM_TIMEOUT
6dcec898-c490-5acf-83ad-838db024ba5f,50c86cb1-5623-56a9-ae1e-74a4ed9ba980,d51f4156-79ed-5cb0-bedd-01d4ab398bc6,30000000-0000-4000-8000-000000000005,POST /risk/evaluate,,2026-09-19T14:00:15.075000Z,85,OK,
d0a5556c-c1dc-5c2c-9dfa-ee7869f58864,50c86cb1-5623-56a9-ae1e-74a4ed9ba980,d51f4156-79ed-5cb0-bedd-01d4ab398bc6,30000000-0000-4000-8000-000000000002,SELECT payment_state,payments-primary,2026-09-19T14:00:15.180000Z,28,OK,
3b5a9ed1-0f51-5ea2-b9f1-6f99b03d9011,50c86cb1-5623-56a9-ae1e-74a4ed9ba980,d51f4156-79ed-5cb0-bedd-01d4ab398bc6,30000000-0000-4000-8000-000000000002,POST /v1/authorizations,PayFlow Gateway,2026-09-19T14:00:15.230000Z,5000,ERROR,UPSTREAM_TIMEOUT
aa000001-0000-5000-8000-000000000102,5dd56b88-58a5-5ef9-8e91-29c95f9d0432,,30000000-0000-4000-8000-000000000001,POST /checkout,,2026-09-19T14:02:15Z,3240,OK,
aa000002-0000-5000-8000-000000000102,5dd56b88-58a5-5ef9-8e91-29c95f9d0432,aa000001-0000-5000-8000-000000000102,30000000-0000-4000-8000-000000000002,POST /payments/authorize,,2026-09-19T14:02:15.035000Z,3180,OK,
aa000003-0000-5000-8000-000000000102,5dd56b88-58a5-5ef9-8e91-29c95f9d0432,aa000001-0000-5000-8000-000000000102,30000000-0000-4000-8000-000000000005,POST /risk/evaluate,,2026-09-19T14:02:15.075000Z,85,OK,
aa000004-0000-5000-8000-000000000102,5dd56b88-58a5-5ef9-8e91-29c95f9d0432,aa000001-0000-5000-8000-000000000102,30000000-0000-4000-8000-000000000002,SELECT payment_state,payments-primary,2026-09-19T14:02:15.180000Z,28,OK,
aa000005-0000-5000-8000-000000000102,5dd56b88-58a5-5ef9-8e91-29c95f9d0432,aa000001-0000-5000-8000-000000000102,30000000-0000-4000-8000-000000000002,POST /v1/authorizations,PayFlow Gateway,2026-09-19T14:02:15.230000Z,3060,OK,
aa000001-0000-5000-8000-000000000104,f6810912-eb18-5198-bd1a-58f0607f4f19,,30000000-0000-4000-8000-000000000001,POST /checkout,,2026-09-19T14:04:15Z,5200,ERROR,UPSTREAM_TIMEOUT
aa000002-0000-5000-8000-000000000104,f6810912-eb18-5198-bd1a-58f0607f4f19,aa000001-0000-5000-8000-000000000104,30000000-0000-4000-8000-000000000002,POST /payments/authorize,,2026-09-19T14:04:15.035000Z,5140,ERROR,UPSTREAM_TIMEOUT
aa000003-0000-5000-8000-000000000104,f6810912-eb18-5198-bd1a-58f0607f4f19,aa000001-0000-5000-8000-000000000104,30000000-0000-4000-8000-000000000005,POST /risk/evaluate,,2026-09-19T14:04:15.075000Z,85,OK,
aa000004-0000-5000-8000-000000000104,f6810912-eb18-5198-bd1a-58f0607f4f19,aa000001-0000-5000-8000-000000000104,30000000-0000-4000-8000-000000000002,SELECT payment_state,payments-primary,2026-09-19T14:04:15.180000Z,28,OK,
aa000005-0000-5000-8000-000000000104,f6810912-eb18-5198-bd1a-58f0607f4f19,aa000001-0000-5000-8000-000000000104,30000000-0000-4000-8000-000000000002,POST /v1/authorizations,PayFlow Gateway,2026-09-19T14:04:15.230000Z,5000,ERROR,UPSTREAM_TIMEOUT
aa000001-0000-5000-8000-000000000106,38dad300-227f-5a22-b075-f677ad11efc1,,30000000-0000-4000-8000-000000000001,POST /checkout,,2026-09-19T14:06:15Z,2810,OK,
aa000002-0000-5000-8000-000000000106,38dad300-227f-5a22-b075-f677ad11efc1,aa000001-0000-5000-8000-000000000106,30000000-0000-4000-8000-000000000002,POST /payments/authorize,,2026-09-19T14:06:15.035000Z,2750,OK,
aa000003-0000-5000-8000-000000000106,38dad300-227f-5a22-b075-f677ad11efc1,aa000001-0000-5000-8000-000000000106,30000000-0000-4000-8000-000000000005,POST /risk/evaluate,,2026-09-19T14:06:15.075000Z,85,OK,
aa000004-0000-5000-8000-000000000106,38dad300-227f-5a22-b075-f677ad11efc1,aa000001-0000-5000-8000-000000000106,30000000-0000-4000-8000-000000000002,SELECT payment_state,payments-primary,2026-09-19T14:06:15.180000Z,28,OK,
aa000005-0000-5000-8000-000000000106,38dad300-227f-5a22-b075-f677ad11efc1,aa000001-0000-5000-8000-000000000106,30000000-0000-4000-8000-000000000002,POST /v1/authorizations,PayFlow Gateway,2026-09-19T14:06:15.230000Z,2630,OK,
aa000001-0000-5000-8000-000000000108,2f28f512-c17a-5525-a700-3cb3ade92914,,30000000-0000-4000-8000-000000000001,POST /checkout,,2026-09-19T14:08:15Z,4110,OK,
aa000002-0000-5000-8000-000000000108,2f28f512-c17a-5525-a700-3cb3ade92914,aa000001-0000-5000-8000-000000000108,30000000-0000-4000-8000-000000000002,POST /payments/authorize,,2026-09-19T14:08:15.035000Z,4050,OK,
aa000003-0000-5000-8000-000000000108,2f28f512-c17a-5525-a700-3cb3ade92914,aa000001-0000-5000-8000-000000000108,30000000-0000-4000-8000-000000000005,POST /risk/evaluate,,2026-09-19T14:08:15.075000Z,85,OK,
aa000004-0000-5000-8000-000000000108,2f28f512-c17a-5525-a700-3cb3ade92914,aa000001-0000-5000-8000-000000000108,30000000-0000-4000-8000-000000000002,SELECT payment_state,payments-primary,2026-09-19T14:08:15.180000Z,28,OK,
aa000005-0000-5000-8000-000000000108,2f28f512-c17a-5525-a700-3cb3ade92914,aa000001-0000-5000-8000-000000000108,30000000-0000-4000-8000-000000000002,POST /v1/authorizations,PayFlow Gateway,2026-09-19T14:08:15.230000Z,3930,OK,
aa000001-0000-5000-8000-000000000110,e38a129c-fce6-5598-bccb-1c5933d8b9b2,,30000000-0000-4000-8000-000000000001,POST /checkout,,2026-09-19T14:10:15Z,5200,ERROR,UPSTREAM_TIMEOUT
aa000002-0000-5000-8000-000000000110,e38a129c-fce6-5598-bccb-1c5933d8b9b2,aa000001-0000-5000-8000-000000000110,30000000-0000-4000-8000-000000000002,POST /payments/authorize,,2026-09-19T14:10:15.035000Z,5140,ERROR,UPSTREAM_TIMEOUT
aa000003-0000-5000-8000-000000000110,e38a129c-fce6-5598-bccb-1c5933d8b9b2,aa000001-0000-5000-8000-000000000110,30000000-0000-4000-8000-000000000005,POST /risk/evaluate,,2026-09-19T14:10:15.075000Z,85,OK,
aa000004-0000-5000-8000-000000000110,e38a129c-fce6-5598-bccb-1c5933d8b9b2,aa000001-0000-5000-8000-000000000110,30000000-0000-4000-8000-000000000002,SELECT payment_state,payments-primary,2026-09-19T14:10:15.180000Z,28,OK,
aa000005-0000-5000-8000-000000000110,e38a129c-fce6-5598-bccb-1c5933d8b9b2,aa000001-0000-5000-8000-000000000110,30000000-0000-4000-8000-000000000002,POST /v1/authorizations,PayFlow Gateway,2026-09-19T14:10:15.230000Z,5000,ERROR,UPSTREAM_TIMEOUT
aa000001-0000-5000-8000-000000000112,892149fb-26f8-59a0-9e18-e609fb093561,,30000000-0000-4000-8000-000000000001,POST /checkout,,2026-09-19T14:12:15Z,2460,OK,
aa000002-0000-5000-8000-000000000112,892149fb-26f8-59a0-9e18-e609fb093561,aa000001-0000-5000-8000-000000000112,30000000-0000-4000-8000-000000000002,POST /payments/authorize,,2026-09-19T14:12:15.035000Z,2400,OK,
aa000003-0000-5000-8000-000000000112,892149fb-26f8-59a0-9e18-e609fb093561,aa000001-0000-5000-8000-000000000112,30000000-0000-4000-8000-000000000005,POST /risk/evaluate,,2026-09-19T14:12:15.075000Z,85,OK,
aa000004-0000-5000-8000-000000000112,892149fb-26f8-59a0-9e18-e609fb093561,aa000001-0000-5000-8000-000000000112,30000000-0000-4000-8000-000000000002,SELECT payment_state,payments-primary,2026-09-19T14:12:15.180000Z,28,OK,
aa000005-0000-5000-8000-000000000112,892149fb-26f8-59a0-9e18-e609fb093561,aa000001-0000-5000-8000-000000000112,30000000-0000-4000-8000-000000000002,POST /v1/authorizations,PayFlow Gateway,2026-09-19T14:12:15.230000Z,2280,OK,
d60b3274-b78e-54cb-80fc-a87afefba265,0f2e8d0c-2555-5c12-9669-9347632fe091,,30000000-0000-4000-8000-000000000001,POST /checkout,,2026-09-19T14:14:15Z,5200,ERROR,UPSTREAM_TIMEOUT
9cd917cc-0153-551e-87d3-1c77ff313584,0f2e8d0c-2555-5c12-9669-9347632fe091,d60b3274-b78e-54cb-80fc-a87afefba265,30000000-0000-4000-8000-000000000002,POST /payments/authorize,,2026-09-19T14:14:15.035000Z,5140,ERROR,UPSTREAM_TIMEOUT
2428ca2d-c11a-5208-b3ef-6c992ecaeaca,0f2e8d0c-2555-5c12-9669-9347632fe091,d60b3274-b78e-54cb-80fc-a87afefba265,30000000-0000-4000-8000-000000000005,POST /risk/evaluate,,2026-09-19T14:14:15.075000Z,85,OK,
b736ddac-9221-5ff5-8763-02e587844720,0f2e8d0c-2555-5c12-9669-9347632fe091,d60b3274-b78e-54cb-80fc-a87afefba265,30000000-0000-4000-8000-000000000002,SELECT payment_state,payments-primary,2026-09-19T14:14:15.180000Z,28,OK,
d9b01b87-7acc-5326-bb16-51b532594c41,0f2e8d0c-2555-5c12-9669-9347632fe091,d60b3274-b78e-54cb-80fc-a87afefba265,30000000-0000-4000-8000-000000000002,POST /v1/authorizations,PayFlow Gateway,2026-09-19T14:14:15.230000Z,5000,ERROR,UPSTREAM_TIMEOUT
aa000001-0000-5000-8000-000000000116,22e481a7-cd15-5734-860e-4e9dc58d3af8,,30000000-0000-4000-8000-000000000001,POST /checkout,,2026-09-19T14:16:15Z,3670,OK,
aa000002-0000-5000-8000-000000000116,22e481a7-cd15-5734-860e-4e9dc58d3af8,aa000001-0000-5000-8000-000000000116,30000000-0000-4000-8000-000000000002,POST /payments/authorize,,2026-09-19T14:16:15.035000Z,3610,OK,
aa000003-0000-5000-8000-000000000116,22e481a7-cd15-5734-860e-4e9dc58d3af8,aa000001-0000-5000-8000-000000000116,30000000-0000-4000-8000-000000000005,POST /risk/evaluate,,2026-09-19T14:16:15.075000Z,85,OK,
aa000004-0000-5000-8000-000000000116,22e481a7-cd15-5734-860e-4e9dc58d3af8,aa000001-0000-5000-8000-000000000116,30000000-0000-4000-8000-000000000002,SELECT payment_state,payments-primary,2026-09-19T14:16:15.180000Z,28,OK,
aa000005-0000-5000-8000-000000000116,22e481a7-cd15-5734-860e-4e9dc58d3af8,aa000001-0000-5000-8000-000000000116,30000000-0000-4000-8000-000000000002,POST /v1/authorizations,PayFlow Gateway,2026-09-19T14:16:15.230000Z,3490,OK,
46c388bd-7ba1-5d86-b771-05bcceb9ab53,c5fd22c6-acdb-5bd4-9931-b441c5665422,,30000000-0000-4000-8000-000000000001,POST /checkout,,2026-09-19T14:18:15Z,5200,ERROR,UPSTREAM_TIMEOUT
dff5cde8-6517-5102-be65-b7716d24a722,c5fd22c6-acdb-5bd4-9931-b441c5665422,46c388bd-7ba1-5d86-b771-05bcceb9ab53,30000000-0000-4000-8000-000000000002,POST /payments/authorize,,2026-09-19T14:18:15.035000Z,5140,ERROR,UPSTREAM_TIMEOUT
5079a580-f6c9-5a0d-81bf-7315f8c109fd,c5fd22c6-acdb-5bd4-9931-b441c5665422,46c388bd-7ba1-5d86-b771-05bcceb9ab53,30000000-0000-4000-8000-000000000005,POST /risk/evaluate,,2026-09-19T14:18:15.075000Z,85,OK,
403a1080-2e9a-5192-8cbd-d2a6b06b91a8,c5fd22c6-acdb-5bd4-9931-b441c5665422,46c388bd-7ba1-5d86-b771-05bcceb9ab53,30000000-0000-4000-8000-000000000002,SELECT payment_state,payments-primary,2026-09-19T14:18:15.180000Z,28,OK,
7ec90c8d-d7fe-5069-a938-14c53f54ccd9,c5fd22c6-acdb-5bd4-9931-b441c5665422,46c388bd-7ba1-5d86-b771-05bcceb9ab53,30000000-0000-4000-8000-000000000002,POST /v1/authorizations,PayFlow Gateway,2026-09-19T14:18:15.230000Z,5000,ERROR,UPSTREAM_TIMEOUT
aa000001-0000-5000-8000-000000000120,a566d060-e023-577e-b1c9-2686a0d5f5f7,,30000000-0000-4000-8000-000000000001,POST /checkout,,2026-09-19T14:20:15Z,2980,OK,
aa000002-0000-5000-8000-000000000120,a566d060-e023-577e-b1c9-2686a0d5f5f7,aa000001-0000-5000-8000-000000000120,30000000-0000-4000-8000-000000000002,POST /payments/authorize,,2026-09-19T14:20:15.035000Z,2920,OK,
aa000003-0000-5000-8000-000000000120,a566d060-e023-577e-b1c9-2686a0d5f5f7,aa000001-0000-5000-8000-000000000120,30000000-0000-4000-8000-000000000005,POST /risk/evaluate,,2026-09-19T14:20:15.075000Z,85,OK,
aa000004-0000-5000-8000-000000000120,a566d060-e023-577e-b1c9-2686a0d5f5f7,aa000001-0000-5000-8000-000000000120,30000000-0000-4000-8000-000000000002,SELECT payment_state,payments-primary,2026-09-19T14:20:15.180000Z,28,OK,
aa000005-0000-5000-8000-000000000120,a566d060-e023-577e-b1c9-2686a0d5f5f7,aa000001-0000-5000-8000-000000000120,30000000-0000-4000-8000-000000000002,POST /v1/authorizations,PayFlow Gateway,2026-09-19T14:20:15.230000Z,2800,OK,
aa000001-0000-5000-8000-000000000122,37b1e1e9-4542-5a14-8107-ed52df9cc714,,30000000-0000-4000-8000-000000000001,POST /checkout,,2026-09-19T14:22:15Z,4380,OK,
aa000002-0000-5000-8000-000000000122,37b1e1e9-4542-5a14-8107-ed52df9cc714,aa000001-0000-5000-8000-000000000122,30000000-0000-4000-8000-000000000002,POST /payments/authorize,,2026-09-19T14:22:15.035000Z,4320,OK,
aa000003-0000-5000-8000-000000000122,37b1e1e9-4542-5a14-8107-ed52df9cc714,aa000001-0000-5000-8000-000000000122,30000000-0000-4000-8000-000000000005,POST /risk/evaluate,,2026-09-19T14:22:15.075000Z,85,OK,
aa000004-0000-5000-8000-000000000122,37b1e1e9-4542-5a14-8107-ed52df9cc714,aa000001-0000-5000-8000-000000000122,30000000-0000-4000-8000-000000000002,SELECT payment_state,payments-primary,2026-09-19T14:22:15.180000Z,28,OK,
aa000005-0000-5000-8000-000000000122,37b1e1e9-4542-5a14-8107-ed52df9cc714,aa000001-0000-5000-8000-000000000122,30000000-0000-4000-8000-000000000002,POST /v1/authorizations,PayFlow Gateway,2026-09-19T14:22:15.230000Z,4200,OK,
579fca65-6bde-5bf6-8dc6-ff08789e4d17,678c062f-9962-5936-9b06-e4a0ecd8c76e,,30000000-0000-4000-8000-000000000001,POST /checkout,,2026-09-19T14:24:15Z,5200,ERROR,UPSTREAM_TIMEOUT
c7e565ed-55bb-5874-b01d-270b414abc49,678c062f-9962-5936-9b06-e4a0ecd8c76e,579fca65-6bde-5bf6-8dc6-ff08789e4d17,30000000-0000-4000-8000-000000000002,POST /payments/authorize,,2026-09-19T14:24:15.035000Z,5140,ERROR,UPSTREAM_TIMEOUT
ba48936b-a953-5935-8a11-234a8817bd4a,678c062f-9962-5936-9b06-e4a0ecd8c76e,579fca65-6bde-5bf6-8dc6-ff08789e4d17,30000000-0000-4000-8000-000000000005,POST /risk/evaluate,,2026-09-19T14:24:15.075000Z,85,OK,
259494e9-54eb-52c9-a709-021816bf6fcd,678c062f-9962-5936-9b06-e4a0ecd8c76e,579fca65-6bde-5bf6-8dc6-ff08789e4d17,30000000-0000-4000-8000-000000000002,SELECT payment_state,payments-primary,2026-09-19T14:24:15.180000Z,28,OK,
eed0b16e-2c8e-5942-8c4a-43a665cfbebf,678c062f-9962-5936-9b06-e4a0ecd8c76e,579fca65-6bde-5bf6-8dc6-ff08789e4d17,30000000-0000-4000-8000-000000000002,POST /v1/authorizations,PayFlow Gateway,2026-09-19T14:24:15.230000Z,5000,ERROR,UPSTREAM_TIMEOUT
aa000001-0000-5000-8000-000000000126,966e010d-8328-560e-8639-bd40a633f25a,,30000000-0000-4000-8000-000000000001,POST /checkout,,2026-09-19T14:26:15Z,3310,OK,
aa000002-0000-5000-8000-000000000126,966e010d-8328-560e-8639-bd40a633f25a,aa000001-0000-5000-8000-000000000126,30000000-0000-4000-8000-000000000002,POST /payments/authorize,,2026-09-19T14:26:15.035000Z,3250,OK,
aa000003-0000-5000-8000-000000000126,966e010d-8328-560e-8639-bd40a633f25a,aa000001-0000-5000-8000-000000000126,30000000-0000-4000-8000-000000000005,POST /risk/evaluate,,2026-09-19T14:26:15.075000Z,85,OK,
aa000004-0000-5000-8000-000000000126,966e010d-8328-560e-8639-bd40a633f25a,aa000001-0000-5000-8000-000000000126,30000000-0000-4000-8000-000000000002,SELECT payment_state,payments-primary,2026-09-19T14:26:15.180000Z,28,OK,
aa000005-0000-5000-8000-000000000126,966e010d-8328-560e-8639-bd40a633f25a,aa000001-0000-5000-8000-000000000126,30000000-0000-4000-8000-000000000002,POST /v1/authorizations,PayFlow Gateway,2026-09-19T14:26:15.230000Z,3130,OK,
6da42075-9013-5491-a660-569bcf12da7f,cd19a74d-9ed0-5a9a-ae4a-775b4125ffee,,30000000-0000-4000-8000-000000000001,POST /checkout,,2026-09-19T14:28:15Z,5200,ERROR,UPSTREAM_TIMEOUT
f99b927e-69da-5219-9147-dff614446408,cd19a74d-9ed0-5a9a-ae4a-775b4125ffee,6da42075-9013-5491-a660-569bcf12da7f,30000000-0000-4000-8000-000000000002,POST /payments/authorize,,2026-09-19T14:28:15.035000Z,5140,ERROR,UPSTREAM_TIMEOUT
409118c0-0ab2-5ea0-ab5b-3c546ee592c7,cd19a74d-9ed0-5a9a-ae4a-775b4125ffee,6da42075-9013-5491-a660-569bcf12da7f,30000000-0000-4000-8000-000000000005,POST /risk/evaluate,,2026-09-19T14:28:15.075000Z,85,OK,
5b02aa56-113e-5b57-a23a-8436f3a36b03,cd19a74d-9ed0-5a9a-ae4a-775b4125ffee,6da42075-9013-5491-a660-569bcf12da7f,30000000-0000-4000-8000-000000000002,SELECT payment_state,payments-primary,2026-09-19T14:28:15.180000Z,28,OK,
e76c4665-3396-53a2-81b4-b2dbb2b4493f,cd19a74d-9ed0-5a9a-ae4a-775b4125ffee,6da42075-9013-5491-a660-569bcf12da7f,30000000-0000-4000-8000-000000000002,POST /v1/authorizations,PayFlow Gateway,2026-09-19T14:28:15.230000Z,5000,ERROR,UPSTREAM_TIMEOUT
aa000001-0000-5000-8000-000000000130,3d26af82-da8d-5e97-a732-ac591fca79ce,,30000000-0000-4000-8000-000000000001,POST /checkout,,2026-09-19T14:30:15Z,2730,OK,
aa000002-0000-5000-8000-000000000130,3d26af82-da8d-5e97-a732-ac591fca79ce,aa000001-0000-5000-8000-000000000130,30000000-0000-4000-8000-000000000002,POST /payments/authorize,,2026-09-19T14:30:15.035000Z,2670,OK,
aa000003-0000-5000-8000-000000000130,3d26af82-da8d-5e97-a732-ac591fca79ce,aa000001-0000-5000-8000-000000000130,30000000-0000-4000-8000-000000000005,POST /risk/evaluate,,2026-09-19T14:30:15.075000Z,85,OK,
aa000004-0000-5000-8000-000000000130,3d26af82-da8d-5e97-a732-ac591fca79ce,aa000001-0000-5000-8000-000000000130,30000000-0000-4000-8000-000000000002,SELECT payment_state,payments-primary,2026-09-19T14:30:15.180000Z,28,OK,
aa000005-0000-5000-8000-000000000130,3d26af82-da8d-5e97-a732-ac591fca79ce,aa000001-0000-5000-8000-000000000130,30000000-0000-4000-8000-000000000002,POST /v1/authorizations,PayFlow Gateway,2026-09-19T14:30:15.230000Z,2550,OK,
d3affe57-62b4-5806-a32a-bb98c2ed439b,325aff65-ed69-57cd-bd41-d7133a5b5e61,,30000000-0000-4000-8000-000000000001,POST /checkout,,2026-09-19T14:32:15Z,5200,ERROR,UPSTREAM_TIMEOUT
4f5e23c6-9424-5732-85fc-94cda982ac14,325aff65-ed69-57cd-bd41-d7133a5b5e61,d3affe57-62b4-5806-a32a-bb98c2ed439b,30000000-0000-4000-8000-000000000002,POST /payments/authorize,,2026-09-19T14:32:15.035000Z,5140,ERROR,UPSTREAM_TIMEOUT
6c815f52-7afd-5cbb-8aaa-23d36ba994c1,325aff65-ed69-57cd-bd41-d7133a5b5e61,d3affe57-62b4-5806-a32a-bb98c2ed439b,30000000-0000-4000-8000-000000000005,POST /risk/evaluate,,2026-09-19T14:32:15.075000Z,85,OK,
5eb494f5-4477-5c1e-9b20-0e8deff9a26c,325aff65-ed69-57cd-bd41-d7133a5b5e61,d3affe57-62b4-5806-a32a-bb98c2ed439b,30000000-0000-4000-8000-000000000002,SELECT payment_state,payments-primary,2026-09-19T14:32:15.180000Z,28,OK,
2bef20d8-e641-55b5-8e7a-e94a99dc4f44,325aff65-ed69-57cd-bd41-d7133a5b5e61,d3affe57-62b4-5806-a32a-bb98c2ed439b,30000000-0000-4000-8000-000000000002,POST /v1/authorizations,PayFlow Gateway,2026-09-19T14:32:15.230000Z,5000,ERROR,UPSTREAM_TIMEOUT
aa000001-0000-5000-8000-000000000134,e8f53d87-1e48-5d46-9cd0-f2f2bf0f417a,,30000000-0000-4000-8000-000000000001,POST /checkout,,2026-09-19T14:34:15Z,3940,OK,
aa000002-0000-5000-8000-000000000134,e8f53d87-1e48-5d46-9cd0-f2f2bf0f417a,aa000001-0000-5000-8000-000000000134,30000000-0000-4000-8000-000000000002,POST /payments/authorize,,2026-09-19T14:34:15.035000Z,3880,OK,
aa000003-0000-5000-8000-000000000134,e8f53d87-1e48-5d46-9cd0-f2f2bf0f417a,aa000001-0000-5000-8000-000000000134,30000000-0000-4000-8000-000000000005,POST /risk/evaluate,,2026-09-19T14:34:15.075000Z,85,OK,
aa000004-0000-5000-8000-000000000134,e8f53d87-1e48-5d46-9cd0-f2f2bf0f417a,aa000001-0000-5000-8000-000000000134,30000000-0000-4000-8000-000000000002,SELECT payment_state,payments-primary,2026-09-19T14:34:15.180000Z,28,OK,
aa000005-0000-5000-8000-000000000134,e8f53d87-1e48-5d46-9cd0-f2f2bf0f417a,aa000001-0000-5000-8000-000000000134,30000000-0000-4000-8000-000000000002,POST /v1/authorizations,PayFlow Gateway,2026-09-19T14:34:15.230000Z,3760,OK,
7f24183d-3268-5701-b91f-c26320e5f65c,9c88d03d-ec15-571b-815f-a077f79dd4a5,,30000000-0000-4000-8000-000000000001,POST /checkout,,2026-09-19T14:36:15Z,353,OK,
2c5a2acf-4c47-5e77-a890-9ddd60098f82,9c88d03d-ec15-571b-815f-a077f79dd4a5,7f24183d-3268-5701-b91f-c26320e5f65c,30000000-0000-4000-8000-000000000002,POST /payments/authorize,,2026-09-19T14:36:15.035000Z,293,OK,
f66fbd59-3382-54fc-9bcd-d146c78e2c78,9c88d03d-ec15-571b-815f-a077f79dd4a5,7f24183d-3268-5701-b91f-c26320e5f65c,30000000-0000-4000-8000-000000000005,POST /risk/evaluate,,2026-09-19T14:36:15.075000Z,85,OK,
4a97b946-a469-5794-9870-d915c34f2937,9c88d03d-ec15-571b-815f-a077f79dd4a5,7f24183d-3268-5701-b91f-c26320e5f65c,30000000-0000-4000-8000-000000000002,SELECT payment_state,payments-primary,2026-09-19T14:36:15.180000Z,28,OK,
5ca904ae-419b-58c1-baa4-ae8500e91966,9c88d03d-ec15-571b-815f-a077f79dd4a5,7f24183d-3268-5701-b91f-c26320e5f65c,30000000-0000-4000-8000-000000000002,POST /v1/authorizations,PayFlow Gateway,2026-09-19T14:36:15.230000Z,220,OK,
d00a1aca-4aa9-52ba-ad37-0e27f2c5f43c,4b7d6933-fce7-5dbb-86a7-187d678963a5,,30000000-0000-4000-8000-000000000001,POST /checkout,,2026-09-19T14:38:15Z,347,OK,
f4158488-fcd4-5033-b84f-316f4497ab16,4b7d6933-fce7-5dbb-86a7-187d678963a5,d00a1aca-4aa9-52ba-ad37-0e27f2c5f43c,30000000-0000-4000-8000-000000000002,POST /payments/authorize,,2026-09-19T14:38:15.035000Z,287,OK,
fc591537-eb7a-5719-b6b8-3b08fca3e4ef,4b7d6933-fce7-5dbb-86a7-187d678963a5,d00a1aca-4aa9-52ba-ad37-0e27f2c5f43c,30000000-0000-4000-8000-000000000005,POST /risk/evaluate,,2026-09-19T14:38:15.075000Z,85,OK,
b12155cc-565b-5417-82a2-2e93305772c6,4b7d6933-fce7-5dbb-86a7-187d678963a5,d00a1aca-4aa9-52ba-ad37-0e27f2c5f43c,30000000-0000-4000-8000-000000000002,SELECT payment_state,payments-primary,2026-09-19T14:38:15.180000Z,28,OK,
768c833a-15ca-59ff-8219-1d932ced70f7,4b7d6933-fce7-5dbb-86a7-187d678963a5,d00a1aca-4aa9-52ba-ad37-0e27f2c5f43c,30000000-0000-4000-8000-000000000002,POST /v1/authorizations,PayFlow Gateway,2026-09-19T14:38:15.230000Z,220,OK,
502ca332-b281-5983-986a-eb3a9ce6b6e0,132607a7-2be8-5c8c-9324-54c9f4d2fde5,,30000000-0000-4000-8000-000000000001,POST /checkout,,2026-09-19T14:40:15Z,402,OK,
92a7d5e5-fef0-50ad-b592-0a15cf7815e7,132607a7-2be8-5c8c-9324-54c9f4d2fde5,502ca332-b281-5983-986a-eb3a9ce6b6e0,30000000-0000-4000-8000-000000000002,POST /payments/authorize,,2026-09-19T14:40:15.035000Z,342,OK,
b3f5b577-c52d-597b-8741-d2e7768b55af,132607a7-2be8-5c8c-9324-54c9f4d2fde5,502ca332-b281-5983-986a-eb3a9ce6b6e0,30000000-0000-4000-8000-000000000005,POST /risk/evaluate,,2026-09-19T14:40:15.075000Z,85,OK,
a8d75902-5c2b-503e-8efd-6f784468c4b3,132607a7-2be8-5c8c-9324-54c9f4d2fde5,502ca332-b281-5983-986a-eb3a9ce6b6e0,30000000-0000-4000-8000-000000000002,SELECT payment_state,payments-primary,2026-09-19T14:40:15.180000Z,28,OK,
431f020f-d5b5-5d13-b7cc-a592de68576e,132607a7-2be8-5c8c-9324-54c9f4d2fde5,502ca332-b281-5983-986a-eb3a9ce6b6e0,30000000-0000-4000-8000-000000000002,POST /v1/authorizations,PayFlow Gateway,2026-09-19T14:40:15.230000Z,220,OK,
9ca8920f-3120-57d7-8165-df60706e650b,7153fd00-17e5-50c6-89af-a6cdef223908,,30000000-0000-4000-8000-000000000001,POST /checkout,,2026-09-19T14:42:15Z,396,OK,
d68aaa2f-7a3d-5965-ac0c-bc418616c6eb,7153fd00-17e5-50c6-89af-a6cdef223908,9ca8920f-3120-57d7-8165-df60706e650b,30000000-0000-4000-8000-000000000002,POST /payments/authorize,,2026-09-19T14:42:15.035000Z,336,OK,
16150c0b-115d-5eba-b2d1-cf3a48e9251a,7153fd00-17e5-50c6-89af-a6cdef223908,9ca8920f-3120-57d7-8165-df60706e650b,30000000-0000-4000-8000-000000000005,POST /risk/evaluate,,2026-09-19T14:42:15.075000Z,85,OK,
b5ae8823-3322-553b-af12-65cdb41dbc95,7153fd00-17e5-50c6-89af-a6cdef223908,9ca8920f-3120-57d7-8165-df60706e650b,30000000-0000-4000-8000-000000000002,SELECT payment_state,payments-primary,2026-09-19T14:42:15.180000Z,28,OK,
cb2cafad-786f-57e2-af0a-3582350d6400,7153fd00-17e5-50c6-89af-a6cdef223908,9ca8920f-3120-57d7-8165-df60706e650b,30000000-0000-4000-8000-000000000002,POST /v1/authorizations,PayFlow Gateway,2026-09-19T14:42:15.230000Z,220,OK,
379766d4-5653-589c-a0fe-ba120304ab88,7ad517df-f040-5cfd-96e3-7edb02aa0bf4,,30000000-0000-4000-8000-000000000001,POST /checkout,,2026-09-19T14:44:15Z,425,OK,
8388eca8-e1af-57af-85ec-aec778bcbec4,7ad517df-f040-5cfd-96e3-7edb02aa0bf4,379766d4-5653-589c-a0fe-ba120304ab88,30000000-0000-4000-8000-000000000002,POST /payments/authorize,,2026-09-19T14:44:15.035000Z,365,OK,
8a191e64-13ef-5ae2-98de-1b873c686b58,7ad517df-f040-5cfd-96e3-7edb02aa0bf4,379766d4-5653-589c-a0fe-ba120304ab88,30000000-0000-4000-8000-000000000005,POST /risk/evaluate,,2026-09-19T14:44:15.075000Z,85,OK,
26289735-dd9b-51f1-97d1-6ce3668c59ae,7ad517df-f040-5cfd-96e3-7edb02aa0bf4,379766d4-5653-589c-a0fe-ba120304ab88,30000000-0000-4000-8000-000000000002,SELECT payment_state,payments-primary,2026-09-19T14:44:15.180000Z,28,OK,
db1917ce-14a4-5a8f-bdfb-b7752236cda7,7ad517df-f040-5cfd-96e3-7edb02aa0bf4,379766d4-5653-589c-a0fe-ba120304ab88,30000000-0000-4000-8000-000000000002,POST /v1/authorizations,PayFlow Gateway,2026-09-19T14:44:15.230000Z,220,OK,
