traceId,rootServiceId,operation,startedAt,durationMs,status
65f688d0-e8d7-5303-8e84-17a4bd5b614f,30000000-0000-4000-8000-000000000001,POST /checkout,2026-09-19T13:30:15Z,452,OK
cf2388fe-7eb9-5c73-8aab-286ee5cfa7d1,30000000-0000-4000-8000-000000000001,POST /checkout,2026-09-19T13:32:15Z,425,OK
f6055d76-0827-5fc0-ae5b-fd868e723f8d,30000000-0000-4000-8000-000000000001,POST /checkout,2026-09-19T13:34:15Z,383,OK
4cf6ac59-eae8-5add-8e74-e66c328c830b,30000000-0000-4000-8000-000000000001,POST /checkout,2026-09-19T13:36:15Z,443,OK
fcab740e-7d83-512d-aa7e-ca28761f0d12,30000000-0000-4000-8000-000000000001,POST /checkout,2026-09-19T13:38:15Z,443,OK
f63f3940-37bd-51df-b433-3e33cf17744b,30000000-0000-4000-8000-000000000001,POST /checkout,2026-09-19T13:40:15Z,423,OK
648bc7aa-c5f3-59e9-b618-b4285eaa58a1,30000000-0000-4000-8000-000000000001,POST /checkout,2026-09-19T13:42:15Z,421,OK
9076fc7a-f00c-5641-bbbd-72b9d02b4b87,30000000-0000-4000-8000-000000000001,POST /checkout,2026-09-19T13:44:15Z,456,OK
020055fb-34b6-5ba1-b3da-db7341da0263,30000000-0000-4000-8000-000000000001,POST /checkout,2026-09-19T13:46:15Z,443,OK
8b49049e-8c6f-5135-af64-d18a7dd6a6f8,30000000-0000-4000-8000-000000000001,POST /checkout,2026-09-19T13:48:15Z,403,OK
b61c6e18-b098-5e51-bd9e-46573bc3f681,30000000-0000-4000-8000-000000000001,POST /checkout,2026-09-19T13:50:15Z,456,OK
ac7ace1c-ce7e-56d2-8f41-b54c748560de,30000000-0000-4000-8000-000000000001,POST /checkout,2026-09-19T13:52:15Z,466,OK
fcb7db60-7268-581d-aa73-f5349bda5522,30000000-0000-4000-8000-000000000001,POST /checkout,2026-09-19T13:54:15Z,454,OK
594fa7b1-17f7-5f6b-9a20-f41fcb2da83e,30000000-0000-4000-8000-000000000001,POST /checkout,2026-09-19T13:56:15Z,451,OK
d4d3b824-e997-56cc-aec7-d7e0ee6a81d2,30000000-0000-4000-8000-000000000001,POST /checkout,2026-09-19T13:58:15Z,1860,OK
50c86cb1-5623-56a9-ae1e-74a4ed9ba980,30000000-0000-4000-8000-000000000001,POST /checkout,2026-09-19T14:00:15Z,5200,ERROR
5dd56b88-58a5-5ef9-8e91-29c95f9d0432,30000000-0000-4000-8000-000000000001,POST /checkout,2026-09-19T14:02:15Z,3240,OK
f6810912-eb18-5198-bd1a-58f0607f4f19,30000000-0000-4000-8000-000000000001,POST /checkout,2026-09-19T14:04:15Z,5200,ERROR
38dad300-227f-5a22-b075-f677ad11efc1,30000000-0000-4000-8000-000000000001,POST /checkout,2026-09-19T14:06:15Z,2810,OK
2f28f512-c17a-5525-a700-3cb3ade92914,30000000-0000-4000-8000-000000000001,POST /checkout,2026-09-19T14:08:15Z,4110,OK
e38a129c-fce6-5598-bccb-1c5933d8b9b2,30000000-0000-4000-8000-000000000001,POST /checkout,2026-09-19T14:10:15Z,5200,ERROR
892149fb-26f8-59a0-9e18-e609fb093561,30000000-0000-4000-8000-000000000001,POST /checkout,2026-09-19T14:12:15Z,2460,OK
0f2e8d0c-2555-5c12-9669-9347632fe091,30000000-0000-4000-8000-000000000001,POST /checkout,2026-09-19T14:14:15Z,5200,ERROR
22e481a7-cd15-5734-860e-4e9dc58d3af8,30000000-0000-4000-8000-000000000001,POST /checkout,2026-09-19T14:16:15Z,3670,OK
c5fd22c6-acdb-5bd4-9931-b441c5665422,30000000-0000-4000-8000-000000000001,POST /checkout,2026-09-19T14:18:15Z,5200,ERROR
a566d060-e023-577e-b1c9-2686a0d5f5f7,30000000-0000-4000-8000-000000000001,POST /checkout,2026-09-19T14:20:15Z,2980,OK
37b1e1e9-4542-5a14-8107-ed52df9cc714,30000000-0000-4000-8000-000000000001,POST /checkout,2026-09-19T14:22:15Z,4380,OK
678c062f-9962-5936-9b06-e4a0ecd8c76e,30000000-0000-4000-8000-000000000001,POST /checkout,2026-09-19T14:24:15Z,5200,ERROR
966e010d-8328-560e-8639-bd40a633f25a,30000000-0000-4000-8000-000000000001,POST /checkout,2026-09-19T14:26:15Z,3310,OK
cd19a74d-9ed0-5a9a-ae4a-775b4125ffee,30000000-0000-4000-8000-000000000001,POST /checkout,2026-09-19T14:28:15Z,5200,ERROR
3d26af82-da8d-5e97-a732-ac591fca79ce,30000000-0000-4000-8000-000000000001,POST /checkout,2026-09-19T14:30:15Z,2730,OK
325aff65-ed69-57cd-bd41-d7133a5b5e61,30000000-0000-4000-8000-000000000001,POST /checkout,2026-09-19T14:32:15Z,5200,ERROR
e8f53d87-1e48-5d46-9cd0-f2f2bf0f417a,30000000-0000-4000-8000-000000000001,POST /checkout,2026-09-19T14:34:15Z,3940,OK
9c88d03d-ec15-571b-815f-a077f79dd4a5,30000000-0000-4000-8000-000000000001,POST /checkout,2026-09-19T14:36:15Z,353,OK
4b7d6933-fce7-5dbb-86a7-187d678963a5,30000000-0000-4000-8000-000000000001,POST /checkout,2026-09-19T14:38:15Z,347,OK
132607a7-2be8-5c8c-9324-54c9f4d2fde5,30000000-0000-4000-8000-000000000001,POST /checkout,2026-09-19T14:40:15Z,402,OK
7153fd00-17e5-50c6-89af-a6cdef223908,30000000-0000-4000-8000-000000000001,POST /checkout,2026-09-19T14:42:15Z,396,OK
7ad517df-f040-5cfd-96e3-7edb02aa0bf4,30000000-0000-4000-8000-000000000001,POST /checkout,2026-09-19T14:44:15Z,425,OK