id,serviceId,observedAt,instanceCount,cpuPct,memoryPct,restartCount,eventLoopLagMs,notes
50606c6c-ad97-529a-9af8-7041cebdd09f,30000000-0000-4000-8000-000000000002,2026-09-19T13:30:00Z,6,42.0,58.0,0,11.0,Within normal operating range
b90f999a-1ac8-5a98-9472-86405ba318ca,30000000-0000-4000-8000-000000000002,2026-09-19T13:35:00Z,6,44.9,59.3,0,12.5,Within normal operating range
d368314d-b066-5fe2-9f07-f855c8cc4f17,30000000-0000-4000-8000-000000000002,2026-09-19T13:40:00Z,6,46.7,60.4,0,13.0,Within normal operating range
048d32da-f2de-50c0-8ca4-6c0a0fb5c249,30000000-0000-4000-8000-000000000002,2026-09-19T13:45:00Z,6,46.8,60.9,0,12.2,Within normal operating range
840842cd-9525-5037-8559-abe7f51a2841,30000000-0000-4000-8000-000000000002,2026-09-19T13:50:00Z,6,45.0,60.9,0,10.6,Within normal operating range
361fe905-4de1-5361-a89a-33d578546683,30000000-0000-4000-8000-000000000002,2026-09-19T13:55:00Z,6,42.1,60.3,0,9.3,Within normal operating range
e3527fae-9124-5f0a-ad2c-f7d517924dab,30000000-0000-4000-8000-000000000002,2026-09-19T14:00:00Z,6,39.1,59.2,0,9.1,Within normal operating range
467704f1-5404-5f99-b95c-ab255be80e91,30000000-0000-4000-8000-000000000002,2026-09-19T14:05:00Z,6,37.3,57.9,0,10.1,Within normal operating range
328f67d6-9496-5c08-8ab1-edf495d42882,30000000-0000-4000-8000-000000000002,2026-09-19T14:10:00Z,6,37.2,56.6,0,11.7,Within normal operating range
d47506e2-4024-5ced-8c21-e6e4d8379fe9,30000000-0000-4000-8000-000000000002,2026-09-19T14:15:00Z,6,38.9,55.6,0,12.9,Within normal operating range
61e63beb-ff49-5c0a-9a36-067f27e9a470,30000000-0000-4000-8000-000000000002,2026-09-19T14:20:00Z,6,41.8,55.0,0,12.8,Within normal operating range
1b18c2ff-04cd-5226-a39c-0be54b610ce8,30000000-0000-4000-8000-000000000002,2026-09-19T14:25:00Z,6,44.8,55.1,0,11.5,Within normal operating range
f0477389-068a-5e8f-85be-6e56dfdccfbb,30000000-0000-4000-8000-000000000002,2026-09-19T14:30:00Z,6,46.7,55.8,0,9.9,Within normal operating range
aae301ff-95a1-5d70-bc0b-a1dc8a505ae0,30000000-0000-4000-8000-000000000002,2026-09-19T14:35:00Z,6,46.8,56.9,0,9.0,Within normal operating range
0962defd-1757-5e46-889d-9eb0dea6252e,30000000-0000-4000-8000-000000000002,2026-09-19T14:40:00Z,6,45.1,58.2,0,9.4,Within normal operating range
0da72539-22ca-50e5-8108-782643025883,30000000-0000-4000-8000-000000000002,2026-09-19T14:45:00Z,6,42.2,59.5,0,10.9,Within normal operating range
