id,scenarioId,capability,status,freshness,reason,effectiveAt
92000000-0000-4000-8000-000000000001,50000000-0000-4000-8000-000000000001,SERVICE_TOPOLOGY,AVAILABLE,100,,2026-09-19T13:30:00Z
92000000-0000-4000-8000-000000000002,50000000-0000-4000-8000-000000000001,METRICS,AVAILABLE,100,,2026-09-19T13:30:00Z
92000000-0000-4000-8000-000000000003,50000000-0000-4000-8000-000000000001,LOG_SEARCH,AVAILABLE,100,,2026-09-19T13:30:00Z
92000000-0000-4000-8000-000000000004,50000000-0000-4000-8000-000000000001,TRACE_SEARCH,AVAILABLE,100,,2026-09-19T13:30:00Z
92000000-0000-4000-8000-000000000005,50000000-0000-4000-8000-000000000001,DEPLOYMENTS,AVAILABLE,100,,2026-09-19T13:30:00Z
92000000-0000-4000-8000-000000000006,50000000-0000-4000-8000-000000000001,CHANGE_HISTORY,AVAILABLE,100,,2026-09-19T13:30:00Z
92000000-0000-4000-8000-000000000007,50000000-0000-4000-8000-000000000001,RUNTIME_STATE,AVAILABLE,100,,2026-09-19T13:30:00Z
92000000-0000-4000-8000-000000000008,50000000-0000-4000-8000-000000000001,ALERTS,AVAILABLE,100,,2026-09-19T13:30:00Z
92000000-0000-4000-8000-000000000009,50000000-0000-4000-8000-000000000001,INCIDENT_HISTORY,AVAILABLE,100,,2026-09-19T13:30:00Z
92000000-0000-4000-8000-000000000010,50000000-0000-4000-8000-000000000001,RUNBOOKS,AVAILABLE,100,,2026-09-19T13:30:00Z
92000000-0000-4000-8000-000000000011,50000000-0000-4000-8000-000000000001,AI_REASONING,AVAILABLE,100,,2026-09-19T13:30:00Z
92000000-0000-4000-8000-000000000012,50000000-0000-4000-8000-000000000001,REMEDIATION_AUTOMATION,AVAILABLE,100,,2026-09-19T13:30:00Z
92000000-0000-4000-8000-000000000013,50000000-0000-4000-8000-000000000001,LOG_SEARCH,FAILED,0,Log search backend unavailable during investigation,2026-09-19T14:23:00Z