file,rows,columns,sha256
knowledge/historical_incidents.csv,3,9,8fd29190a8631b758cde1a5be00953ecef6c7f81dfa02c50157b7f92d2b8b6d8
knowledge/runbooks.csv,1,6,7074d14afdf21c763716a2911c322935369ef344ba5b64ca4a2833cef1ab7add
operations/configuration_changes.csv,2,8,f67f62e7cdcb2cdb2bb0cb4580185156b659a57eec193c2df01190e4932fd213
operations/deployments.csv,3,11,eaaf65f64210ce2259faf0e88cde9bfdabd06d55cf4a44c0d2ce7e170e36fe25
operations/incident_events.csv,1,6,402851fba4a687632c9e176a548e1a59ed5785368b576b91584842f78fa3c34c
operations/incidents.csv,1,10,d3cbb8c65923c241d20ff51217619ebb07cd5c936e2d832969b7447b3fc1511f
operations/runtime_observations.csv,16,9,144ac0bbf337db8cbfa817d9730f573283df1288de61417490c09b945305fe77
operations/service_health_observations.csv,8,5,d6b59cda2faefc37984dc56d5c8f7df1798d6c051dbbaf5455d88a8555d4aaa1
simulation/capability_events.csv,13,7,608fb01777a0314cc6f638929d75b8f08810771d815f9adb359be7ab28ebdfb8
simulation/scenario_phases.csv,3,5,4411b3f09cb35103eb43a875bb1014404e83b171a17f596427c6a23e8818afaa
simulation/scenarios.csv,1,8,e70e99b8e680a990fca774863e3776388d5ec894475b3aa81b52c8aadc3dadfa
telemetry/alerts.csv,1,8,0a32fea96688baef542bdd233848f288682763afceababb526e883f225c89571
telemetry/dependency_observations.csv,52,7,7e6f8003aae41bca9ec636d9e3762863d22f6b4d38487d028e752bfeec13af5b
telemetry/logs.csv,153,11,985691e38ec81433d2f40f2ffa5ab5b8b560544a85670739f94f36a306d3c483
telemetry/metric_points.csv,608,7,fa32ce5344ee696e163e1fae60906e30f80bff58e6785f70ad87b2cea0c18108
telemetry/trace_spans.csv,190,10,056c92c3d06c08b2a44a6f6d79b9d5ebeb90c928e7eb559bf6afed1365197e04
telemetry/traces.csv,38,6,89d56bd00376e3bf933500d3418f65a0234311622986e4b0dd841626a20f1810
topology/external_dependencies.csv,3,12,704f8ecebd77c9fc6978a699378efc5c34f44e83a91e9c990b7ce68247f09a9f
topology/service_dependencies.csv,4,8,d913c0b04b1ac8356872b6db3e6a6c25b7f2d56807fdafdd89243f225c15c9e1
topology/services.csv,5,7,4aed55a5f3c9ea9e9179e29db6d92b14a933819c86edbcd35784f7825926ab3e
